id,inherited_permission_parent_id/id,parent_id/id,root_article_id/id
Jinasena_KnownGood_Data.knowledge_article_clearing_transactional_data_on_odoo_17,Jinasena_KnownGood_Data.knowledge_article_odoo_documentation,Jinasena_KnownGood_Data.knowledge_article_technical,Jinasena_KnownGood_Data.knowledge_article_odoo_documentation
Jinasena_KnownGood_Data.knowledge_article_master_data_templates,Jinasena_KnownGood_Data.knowledge_article_odoo_documentation,Jinasena_KnownGood_Data.knowledge_article_data_migration_process,Jinasena_KnownGood_Data.knowledge_article_odoo_documentation
Jinasena_KnownGood_Data.knowledge_article_notes,Jinasena_KnownGood_Data.knowledge_article_odoo_documentation,Jinasena_KnownGood_Data.knowledge_article_data_migration_process,Jinasena_KnownGood_Data.knowledge_article_odoo_documentation
Jinasena_KnownGood_Data.knowledge_article_data_upload_initial_setup,Jinasena_KnownGood_Data.knowledge_article_odoo_documentation,Jinasena_KnownGood_Data.knowledge_article_odoo_documentation,Jinasena_KnownGood_Data.knowledge_article_odoo_documentation
Jinasena_KnownGood_Data.knowledge_article_odoo_claude_code_playwright_development_,Jinasena_KnownGood_Data.knowledge_article_odoo_documentation,Jinasena_KnownGood_Data.knowledge_article_technical,Jinasena_KnownGood_Data.knowledge_article_odoo_documentation
Jinasena_KnownGood_Data.knowledge_article_data_cleaning_environment,Jinasena_KnownGood_Data.knowledge_article_odoo_documentation,Jinasena_KnownGood_Data.knowledge_article_data_cleaning_environment_173,Jinasena_KnownGood_Data.knowledge_article_odoo_documentation
Jinasena_KnownGood_Data.knowledge_article_irrigation_system_faqs,Jinasena_KnownGood_Data.knowledge_article_faq,Jinasena_KnownGood_Data.knowledge_article_faq,Jinasena_KnownGood_Data.knowledge_article_faq
Jinasena_KnownGood_Data.knowledge_article_manfucturing_order_workcenter_ot_calcula,Jinasena_KnownGood_Data.knowledge_article_odoo_documentation,Jinasena_KnownGood_Data.knowledge_article_odoo_documentation,Jinasena_KnownGood_Data.knowledge_article_odoo_documentation
Jinasena_KnownGood_Data.knowledge_article_issue_with_user_defined_defaults_for_all,Jinasena_KnownGood_Data.knowledge_article_odoo_documentation,Jinasena_KnownGood_Data.knowledge_article_customization_and_issue_resolution_in_od,Jinasena_KnownGood_Data.knowledge_article_odoo_documentation
Jinasena_KnownGood_Data.knowledge_article_user_manual,Jinasena_KnownGood_Data.knowledge_article_odoo_documentation,Jinasena_KnownGood_Data.knowledge_article_manufacturing,Jinasena_KnownGood_Data.knowledge_article_odoo_documentation
Jinasena_KnownGood_Data.knowledge_article_issue_with_the_virtual_location_and_sour,Jinasena_KnownGood_Data.knowledge_article_odoo_documentation,Jinasena_KnownGood_Data.knowledge_article_customization_and_issue_resolution_in_od,Jinasena_KnownGood_Data.knowledge_article_odoo_documentation
Jinasena_KnownGood_Data.knowledge_article_repair_module_studio_customizations,Jinasena_KnownGood_Data.knowledge_article_odoo_documentation,Jinasena_KnownGood_Data.knowledge_article_technical,Jinasena_KnownGood_Data.knowledge_article_odoo_documentation
Jinasena_KnownGood_Data.knowledge_article_bank_data_paymaster_file_user_manual,Jinasena_KnownGood_Data.knowledge_article_odoo_documentation,Jinasena_KnownGood_Data.knowledge_article_technical,Jinasena_KnownGood_Data.knowledge_article_odoo_documentation
Jinasena_KnownGood_Data.knowledge_article_report_model,Jinasena_KnownGood_Data.knowledge_article_odoo_documentation,Jinasena_KnownGood_Data.knowledge_article_report_model_193,Jinasena_KnownGood_Data.knowledge_article_odoo_documentation
Jinasena_KnownGood_Data.knowledge_article_training_videos,Jinasena_KnownGood_Data.knowledge_article_odoo_documentation,Jinasena_KnownGood_Data.knowledge_article_inventory_90,Jinasena_KnownGood_Data.knowledge_article_odoo_documentation
Jinasena_KnownGood_Data.knowledge_article_user_manual_92,Jinasena_KnownGood_Data.knowledge_article_odoo_documentation,Jinasena_KnownGood_Data.knowledge_article_inventory_90,Jinasena_KnownGood_Data.knowledge_article_odoo_documentation
Jinasena_KnownGood_Data.knowledge_article_epf_etf_reports,Jinasena_KnownGood_Data.knowledge_article_odoo_documentation,Jinasena_KnownGood_Data.knowledge_article_technical,Jinasena_KnownGood_Data.knowledge_article_odoo_documentation
Jinasena_KnownGood_Data.knowledge_article_implement_multi_company_feature_in_custo,Jinasena_KnownGood_Data.knowledge_article_odoo_documentation,Jinasena_KnownGood_Data.knowledge_article_customization_and_issue_resolution_in_od,Jinasena_KnownGood_Data.knowledge_article_odoo_documentation
Jinasena_KnownGood_Data.knowledge_article_projects_user_manual_by_milinda_being_ed,Jinasena_KnownGood_Data.knowledge_article_odoo_documentation,Jinasena_KnownGood_Data.knowledge_article_projects,Jinasena_KnownGood_Data.knowledge_article_odoo_documentation
Jinasena_KnownGood_Data.knowledge_article_user_manual_113,Jinasena_KnownGood_Data.knowledge_article_odoo_documentation,Jinasena_KnownGood_Data.knowledge_article_projects,Jinasena_KnownGood_Data.knowledge_article_odoo_documentation
Jinasena_KnownGood_Data.knowledge_article_overtime_calculation,Jinasena_KnownGood_Data.knowledge_article_odoo_documentation,Jinasena_KnownGood_Data.knowledge_article_odoo_documentation,Jinasena_KnownGood_Data.knowledge_article_odoo_documentation
Jinasena_KnownGood_Data.knowledge_article_repair_module_end_user_documentation,Jinasena_KnownGood_Data.knowledge_article_odoo_documentation,Jinasena_KnownGood_Data.knowledge_article_repairs,Jinasena_KnownGood_Data.knowledge_article_odoo_documentation
Jinasena_KnownGood_Data.knowledge_article_finance,Jinasena_KnownGood_Data.knowledge_article_odoo_documentation,Jinasena_KnownGood_Data.knowledge_article_odoo_documentation,Jinasena_KnownGood_Data.knowledge_article_odoo_documentation
Jinasena_KnownGood_Data.knowledge_article_create_a_custom_financial_report_v_17,Jinasena_KnownGood_Data.knowledge_article_odoo_documentation,Jinasena_KnownGood_Data.knowledge_article_finance,Jinasena_KnownGood_Data.knowledge_article_odoo_documentation
Jinasena_KnownGood_Data.knowledge_article_inventory,Jinasena_KnownGood_Data.knowledge_article_odoo_documentation,Jinasena_KnownGood_Data.knowledge_article_data_migration_process,Jinasena_KnownGood_Data.knowledge_article_odoo_documentation
Jinasena_KnownGood_Data.knowledge_article_data_migration_process,Jinasena_KnownGood_Data.knowledge_article_odoo_documentation,Jinasena_KnownGood_Data.knowledge_article_odoo_documentation,Jinasena_KnownGood_Data.knowledge_article_odoo_documentation
Jinasena_KnownGood_Data.knowledge_article_payroll_module,Jinasena_KnownGood_Data.knowledge_article_odoo_documentation,Jinasena_KnownGood_Data.knowledge_article_system_configuration_100,Jinasena_KnownGood_Data.knowledge_article_odoo_documentation
Jinasena_KnownGood_Data.knowledge_article_employee_module,Jinasena_KnownGood_Data.knowledge_article_odoo_documentation,Jinasena_KnownGood_Data.knowledge_article_system_configuration_100,Jinasena_KnownGood_Data.knowledge_article_odoo_documentation
Jinasena_KnownGood_Data.knowledge_article_id_339,Jinasena_KnownGood_Data.knowledge_article_odoo_documentation,Jinasena_KnownGood_Data.knowledge_article_repair_module_studio_customizations,Jinasena_KnownGood_Data.knowledge_article_odoo_documentation
Jinasena_KnownGood_Data.knowledge_article_system_configuration,Jinasena_KnownGood_Data.knowledge_article_odoo_documentation,Jinasena_KnownGood_Data.knowledge_article_projects,Jinasena_KnownGood_Data.knowledge_article_odoo_documentation
Jinasena_KnownGood_Data.knowledge_article_projects_user_manual_by_milinda_old,Jinasena_KnownGood_Data.knowledge_article_odoo_documentation,Jinasena_KnownGood_Data.knowledge_article_projects,Jinasena_KnownGood_Data.knowledge_article_odoo_documentation
Jinasena_KnownGood_Data.knowledge_article_troubleshooting_errors_projects_module,Jinasena_KnownGood_Data.knowledge_article_odoo_documentation,Jinasena_KnownGood_Data.knowledge_article_projects,Jinasena_KnownGood_Data.knowledge_article_odoo_documentation
Jinasena_KnownGood_Data.knowledge_article_project_budget,Jinasena_KnownGood_Data.knowledge_article_odoo_documentation,Jinasena_KnownGood_Data.knowledge_article_projects,Jinasena_KnownGood_Data.knowledge_article_odoo_documentation
Jinasena_KnownGood_Data.knowledge_article_record_rule_for_control_operation_types,Jinasena_KnownGood_Data.knowledge_article_odoo_documentation,Jinasena_KnownGood_Data.knowledge_article_technical,Jinasena_KnownGood_Data.knowledge_article_odoo_documentation
Jinasena_KnownGood_Data.knowledge_article_technical,Jinasena_KnownGood_Data.knowledge_article_odoo_documentation,Jinasena_KnownGood_Data.knowledge_article_odoo_documentation,Jinasena_KnownGood_Data.knowledge_article_odoo_documentation
Jinasena_KnownGood_Data.knowledge_article_report_model_full_document,Jinasena_KnownGood_Data.knowledge_article_odoo_documentation,Jinasena_KnownGood_Data.knowledge_article_report_model_193,Jinasena_KnownGood_Data.knowledge_article_odoo_documentation
Jinasena_KnownGood_Data.knowledge_article_jam_opening_balance_process,Jinasena_KnownGood_Data.knowledge_article_odoo_documentation,Jinasena_KnownGood_Data.knowledge_article_odoo_documentation,Jinasena_KnownGood_Data.knowledge_article_odoo_documentation
Jinasena_KnownGood_Data.knowledge_article_report_model_193,Jinasena_KnownGood_Data.knowledge_article_odoo_documentation,Jinasena_KnownGood_Data.knowledge_article_odoo_documentation,Jinasena_KnownGood_Data.knowledge_article_odoo_documentation
Jinasena_KnownGood_Data.knowledge_article_id_204,Jinasena_KnownGood_Data.knowledge_article_odoo_documentation,Jinasena_KnownGood_Data.knowledge_article_procurement,Jinasena_KnownGood_Data.knowledge_article_odoo_documentation
Jinasena_KnownGood_Data.knowledge_article_odoo_documentation,,,Jinasena_KnownGood_Data.knowledge_article_odoo_documentation
Jinasena_KnownGood_Data.knowledge_article_import_purchasing_process,Jinasena_KnownGood_Data.knowledge_article_odoo_documentation,Jinasena_KnownGood_Data.knowledge_article_import_purchasing,Jinasena_KnownGood_Data.knowledge_article_odoo_documentation
Jinasena_KnownGood_Data.knowledge_article_import_purchasing_module_configurations,Jinasena_KnownGood_Data.knowledge_article_odoo_documentation,Jinasena_KnownGood_Data.knowledge_article_import_purchasing,Jinasena_KnownGood_Data.knowledge_article_odoo_documentation
Jinasena_KnownGood_Data.knowledge_article_import_purchasing,Jinasena_KnownGood_Data.knowledge_article_odoo_documentation,Jinasena_KnownGood_Data.knowledge_article_procurement,Jinasena_KnownGood_Data.knowledge_article_odoo_documentation
Jinasena_KnownGood_Data.knowledge_article_2_2_cash_purchasing_non_inventory_items,Jinasena_KnownGood_Data.knowledge_article_odoo_documentation,Jinasena_KnownGood_Data.knowledge_article_2_credit_cash_purchasing_non_inventory_i,Jinasena_KnownGood_Data.knowledge_article_odoo_documentation
Jinasena_KnownGood_Data.knowledge_article_2_1_credit_purchasing_non_inventory_item,Jinasena_KnownGood_Data.knowledge_article_odoo_documentation,Jinasena_KnownGood_Data.knowledge_article_2_credit_cash_purchasing_non_inventory_i,Jinasena_KnownGood_Data.knowledge_article_odoo_documentation
Jinasena_KnownGood_Data.knowledge_article_2_credit_cash_purchasing_non_inventory_i,Jinasena_KnownGood_Data.knowledge_article_odoo_documentation,Jinasena_KnownGood_Data.knowledge_article_local_purchasing,Jinasena_KnownGood_Data.knowledge_article_odoo_documentation
Jinasena_KnownGood_Data.knowledge_article_local_purchasing,Jinasena_KnownGood_Data.knowledge_article_odoo_documentation,Jinasena_KnownGood_Data.knowledge_article_procurement,Jinasena_KnownGood_Data.knowledge_article_odoo_documentation
Jinasena_KnownGood_Data.knowledge_article_1_1_credit_purchasing_inventory_items,Jinasena_KnownGood_Data.knowledge_article_odoo_documentation,Jinasena_KnownGood_Data.knowledge_article_1_credit_cash_purchasing_inventory_items,Jinasena_KnownGood_Data.knowledge_article_odoo_documentation
Jinasena_KnownGood_Data.knowledge_article_1_2_cash_purchasing_inventory_items_1,Jinasena_KnownGood_Data.knowledge_article_odoo_documentation,Jinasena_KnownGood_Data.knowledge_article_1_credit_cash_purchasing_inventory_items,Jinasena_KnownGood_Data.knowledge_article_odoo_documentation
Jinasena_KnownGood_Data.knowledge_article_1_credit_cash_purchasing_inventory_items,Jinasena_KnownGood_Data.knowledge_article_odoo_documentation,Jinasena_KnownGood_Data.knowledge_article_local_purchasing,Jinasena_KnownGood_Data.knowledge_article_odoo_documentation
Jinasena_KnownGood_Data.knowledge_article_local_purchasing_module_configurations,Jinasena_KnownGood_Data.knowledge_article_odoo_documentation,Jinasena_KnownGood_Data.knowledge_article_local_purchasing,Jinasena_KnownGood_Data.knowledge_article_odoo_documentation
Jinasena_KnownGood_Data.knowledge_article_procurement,Jinasena_KnownGood_Data.knowledge_article_odoo_documentation,Jinasena_KnownGood_Data.knowledge_article_odoo_documentation,Jinasena_KnownGood_Data.knowledge_article_odoo_documentation
Jinasena_KnownGood_Data.knowledge_article_id_181,Jinasena_KnownGood_Data.knowledge_article_odoo_documentation,Jinasena_KnownGood_Data.knowledge_article_recruitment,Jinasena_KnownGood_Data.knowledge_article_odoo_documentation
Jinasena_KnownGood_Data.knowledge_article_3rd_party_apps_required_for_v_17,Jinasena_KnownGood_Data.knowledge_article_odoo_documentation,Jinasena_KnownGood_Data.knowledge_article_odoo_documentation,Jinasena_KnownGood_Data.knowledge_article_odoo_documentation
Jinasena_KnownGood_Data.knowledge_article_configurations_within_master_data,Jinasena_KnownGood_Data.knowledge_article_odoo_documentation,Jinasena_KnownGood_Data.knowledge_article_odoo_documentation,Jinasena_KnownGood_Data.knowledge_article_odoo_documentation
Jinasena_KnownGood_Data.knowledge_article_overtime_calculation_and_approval_proces,Jinasena_KnownGood_Data.knowledge_article_odoo_documentation,Jinasena_KnownGood_Data.knowledge_article_odoo_documentation,Jinasena_KnownGood_Data.knowledge_article_odoo_documentation
Jinasena_KnownGood_Data.knowledge_article_data_cleaning_environment_173,Jinasena_KnownGood_Data.knowledge_article_odoo_documentation,Jinasena_KnownGood_Data.knowledge_article_odoo_documentation,Jinasena_KnownGood_Data.knowledge_article_odoo_documentation
Jinasena_KnownGood_Data.knowledge_article_user_manual_171,Jinasena_KnownGood_Data.knowledge_article_odoo_documentation,Jinasena_KnownGood_Data.knowledge_article_maintenance,Jinasena_KnownGood_Data.knowledge_article_odoo_documentation
Jinasena_KnownGood_Data.knowledge_article_maintenance,Jinasena_KnownGood_Data.knowledge_article_odoo_documentation,Jinasena_KnownGood_Data.knowledge_article_odoo_documentation,Jinasena_KnownGood_Data.knowledge_article_odoo_documentation
Jinasena_KnownGood_Data.knowledge_article_how_to_apply_tooltips_to_objects_in_form,Jinasena_KnownGood_Data.knowledge_article_odoo_documentation,Jinasena_KnownGood_Data.knowledge_article_technical,Jinasena_KnownGood_Data.knowledge_article_odoo_documentation
Jinasena_KnownGood_Data.knowledge_article_creating_a_new_staging_branch_from_githu,Jinasena_KnownGood_Data.knowledge_article_odoo_documentation,Jinasena_KnownGood_Data.knowledge_article_technical,Jinasena_KnownGood_Data.knowledge_article_odoo_documentation
Jinasena_KnownGood_Data.knowledge_article_customization_and_issue_resolution_in_od,Jinasena_KnownGood_Data.knowledge_article_odoo_documentation,Jinasena_KnownGood_Data.knowledge_article_technical,Jinasena_KnownGood_Data.knowledge_article_odoo_documentation
Jinasena_KnownGood_Data.knowledge_article_how_to_access_the_black_screen_xml,Jinasena_KnownGood_Data.knowledge_article_odoo_documentation,Jinasena_KnownGood_Data.knowledge_article_technical,Jinasena_KnownGood_Data.knowledge_article_odoo_documentation
Jinasena_KnownGood_Data.knowledge_article_clean_odoo_database_in_github,Jinasena_KnownGood_Data.knowledge_article_odoo_documentation,Jinasena_KnownGood_Data.knowledge_article_technical,Jinasena_KnownGood_Data.knowledge_article_odoo_documentation
Jinasena_KnownGood_Data.knowledge_article_id_155,Jinasena_KnownGood_Data.knowledge_article_odoo_documentation,Jinasena_KnownGood_Data.knowledge_article_website,Jinasena_KnownGood_Data.knowledge_article_odoo_documentation
Jinasena_KnownGood_Data.knowledge_article_1_manage_products,Jinasena_KnownGood_Data.knowledge_article_odoo_documentation,Jinasena_KnownGood_Data.knowledge_article_website,Jinasena_KnownGood_Data.knowledge_article_odoo_documentation
Jinasena_KnownGood_Data.knowledge_article_website,Jinasena_KnownGood_Data.knowledge_article_odoo_documentation,Jinasena_KnownGood_Data.knowledge_article_odoo_documentation,Jinasena_KnownGood_Data.knowledge_article_odoo_documentation
Jinasena_KnownGood_Data.knowledge_article_8_documentation,Jinasena_KnownGood_Data.knowledge_article_odoo_documentation,Jinasena_KnownGood_Data.knowledge_article_what_is_odoo_sign,Jinasena_KnownGood_Data.knowledge_article_odoo_documentation
Jinasena_KnownGood_Data.knowledge_article_7_other_configurations,Jinasena_KnownGood_Data.knowledge_article_odoo_documentation,Jinasena_KnownGood_Data.knowledge_article_what_is_odoo_sign,Jinasena_KnownGood_Data.knowledge_article_odoo_documentation
Jinasena_KnownGood_Data.knowledge_article_6_document_integrity,Jinasena_KnownGood_Data.knowledge_article_odoo_documentation,Jinasena_KnownGood_Data.knowledge_article_what_is_odoo_sign,Jinasena_KnownGood_Data.knowledge_article_odoo_documentation
Jinasena_KnownGood_Data.knowledge_article_5_managing_documents,Jinasena_KnownGood_Data.knowledge_article_odoo_documentation,Jinasena_KnownGood_Data.knowledge_article_what_is_odoo_sign,Jinasena_KnownGood_Data.knowledge_article_odoo_documentation
Jinasena_KnownGood_Data.knowledge_article_4_explore_the_sign_view,Jinasena_KnownGood_Data.knowledge_article_odoo_documentation,Jinasena_KnownGood_Data.knowledge_article_what_is_odoo_sign,Jinasena_KnownGood_Data.knowledge_article_odoo_documentation
Jinasena_KnownGood_Data.knowledge_article_3_instant_sign_send,Jinasena_KnownGood_Data.knowledge_article_odoo_documentation,Jinasena_KnownGood_Data.knowledge_article_what_is_odoo_sign,Jinasena_KnownGood_Data.knowledge_article_odoo_documentation
Jinasena_KnownGood_Data.knowledge_article_2_request_signatures,Jinasena_KnownGood_Data.knowledge_article_odoo_documentation,Jinasena_KnownGood_Data.knowledge_article_what_is_odoo_sign,Jinasena_KnownGood_Data.knowledge_article_odoo_documentation
Jinasena_KnownGood_Data.knowledge_article_1_setting_up_templates,Jinasena_KnownGood_Data.knowledge_article_odoo_documentation,Jinasena_KnownGood_Data.knowledge_article_what_is_odoo_sign,Jinasena_KnownGood_Data.knowledge_article_odoo_documentation
Jinasena_KnownGood_Data.knowledge_article_what_is_odoo_sign,Jinasena_KnownGood_Data.knowledge_article_odoo_documentation,Jinasena_KnownGood_Data.knowledge_article_odoo_documentation,Jinasena_KnownGood_Data.knowledge_article_odoo_documentation
Jinasena_KnownGood_Data.knowledge_article_affiliate_management,Jinasena_KnownGood_Data.knowledge_article_odoo_documentation,Jinasena_KnownGood_Data.knowledge_article_sales,Jinasena_KnownGood_Data.knowledge_article_odoo_documentation
Jinasena_KnownGood_Data.knowledge_article_id_142,Jinasena_KnownGood_Data.knowledge_article_odoo_documentation,Jinasena_KnownGood_Data.knowledge_article_sales,Jinasena_KnownGood_Data.knowledge_article_odoo_documentation
Jinasena_KnownGood_Data.knowledge_article_id_141,Jinasena_KnownGood_Data.knowledge_article_odoo_documentation,Jinasena_KnownGood_Data.knowledge_article_sales,Jinasena_KnownGood_Data.knowledge_article_odoo_documentation
Jinasena_KnownGood_Data.knowledge_article_sales_user_manual,Jinasena_KnownGood_Data.knowledge_article_odoo_documentation,Jinasena_KnownGood_Data.knowledge_article_sales,Jinasena_KnownGood_Data.knowledge_article_odoo_documentation
Jinasena_KnownGood_Data.knowledge_article_consignment_sales_configurations,Jinasena_KnownGood_Data.knowledge_article_odoo_documentation,Jinasena_KnownGood_Data.knowledge_article_sales,Jinasena_KnownGood_Data.knowledge_article_odoo_documentation
Jinasena_KnownGood_Data.knowledge_article_sales,Jinasena_KnownGood_Data.knowledge_article_odoo_documentation,Jinasena_KnownGood_Data.knowledge_article_odoo_documentation,Jinasena_KnownGood_Data.knowledge_article_odoo_documentation
Jinasena_KnownGood_Data.knowledge_article_activating_a_previous_bom_and_updating_t,Jinasena_KnownGood_Data.knowledge_article_odoo_documentation,Jinasena_KnownGood_Data.knowledge_article_engineering_change_orders,Jinasena_KnownGood_Data.knowledge_article_odoo_documentation
Jinasena_KnownGood_Data.knowledge_article_user_manual_135,Jinasena_KnownGood_Data.knowledge_article_odoo_documentation,Jinasena_KnownGood_Data.knowledge_article_engineering_change_orders,Jinasena_KnownGood_Data.knowledge_article_odoo_documentation
Jinasena_KnownGood_Data.knowledge_article_system_configuration_134,Jinasena_KnownGood_Data.knowledge_article_odoo_documentation,Jinasena_KnownGood_Data.knowledge_article_engineering_change_orders,Jinasena_KnownGood_Data.knowledge_article_odoo_documentation
Jinasena_KnownGood_Data.knowledge_article_engineering_change_orders,Jinasena_KnownGood_Data.knowledge_article_odoo_documentation,Jinasena_KnownGood_Data.knowledge_article_odoo_documentation,Jinasena_KnownGood_Data.knowledge_article_odoo_documentation
Jinasena_KnownGood_Data.knowledge_article_creating_a_limited_access_group_than_acc,Jinasena_KnownGood_Data.knowledge_article_odoo_documentation,Jinasena_KnownGood_Data.knowledge_article_odoo_user_access_rights,Jinasena_KnownGood_Data.knowledge_article_odoo_documentation
Jinasena_KnownGood_Data.knowledge_article_procedure_in_setting_user_permissions,Jinasena_KnownGood_Data.knowledge_article_odoo_documentation,Jinasena_KnownGood_Data.knowledge_article_odoo_user_access_rights,Jinasena_KnownGood_Data.knowledge_article_odoo_documentation
Jinasena_KnownGood_Data.knowledge_article_xxx_user_groups_procurement,Jinasena_KnownGood_Data.knowledge_article_odoo_documentation,Jinasena_KnownGood_Data.knowledge_article_odoo_user_access_rights,Jinasena_KnownGood_Data.knowledge_article_odoo_documentation
Jinasena_KnownGood_Data.knowledge_article_errors,Jinasena_KnownGood_Data.knowledge_article_odoo_documentation,Jinasena_KnownGood_Data.knowledge_article_odoo_user_access_rights,Jinasena_KnownGood_Data.knowledge_article_odoo_documentation
Jinasena_KnownGood_Data.knowledge_article_odoo_user_access_rights,Jinasena_KnownGood_Data.knowledge_article_odoo_documentation,Jinasena_KnownGood_Data.knowledge_article_odoo_documentation,Jinasena_KnownGood_Data.knowledge_article_odoo_documentation
Jinasena_KnownGood_Data.knowledge_article_repair_module_configuration_documentatio,Jinasena_KnownGood_Data.knowledge_article_odoo_documentation,Jinasena_KnownGood_Data.knowledge_article_repairs,Jinasena_KnownGood_Data.knowledge_article_odoo_documentation
Jinasena_KnownGood_Data.knowledge_article_repairs,Jinasena_KnownGood_Data.knowledge_article_odoo_documentation,Jinasena_KnownGood_Data.knowledge_article_odoo_documentation,Jinasena_KnownGood_Data.knowledge_article_odoo_documentation
Jinasena_KnownGood_Data.knowledge_article_system_configuration_120,Jinasena_KnownGood_Data.knowledge_article_odoo_documentation,Jinasena_KnownGood_Data.knowledge_article_elearning,Jinasena_KnownGood_Data.knowledge_article_odoo_documentation
Jinasena_KnownGood_Data.knowledge_article_user_manual_119,Jinasena_KnownGood_Data.knowledge_article_odoo_documentation,Jinasena_KnownGood_Data.knowledge_article_elearning,Jinasena_KnownGood_Data.knowledge_article_odoo_documentation
Jinasena_KnownGood_Data.knowledge_article_elearning,Jinasena_KnownGood_Data.knowledge_article_odoo_documentation,Jinasena_KnownGood_Data.knowledge_article_odoo_documentation,Jinasena_KnownGood_Data.knowledge_article_odoo_documentation
Jinasena_KnownGood_Data.knowledge_article_system_configuration_117,Jinasena_KnownGood_Data.knowledge_article_odoo_documentation,Jinasena_KnownGood_Data.knowledge_article_recruitment,Jinasena_KnownGood_Data.knowledge_article_odoo_documentation
Jinasena_KnownGood_Data.knowledge_article_user_manual_116,Jinasena_KnownGood_Data.knowledge_article_odoo_documentation,Jinasena_KnownGood_Data.knowledge_article_recruitment,Jinasena_KnownGood_Data.knowledge_article_odoo_documentation
Jinasena_KnownGood_Data.knowledge_article_recruitment,Jinasena_KnownGood_Data.knowledge_article_odoo_documentation,Jinasena_KnownGood_Data.knowledge_article_odoo_documentation,Jinasena_KnownGood_Data.knowledge_article_odoo_documentation
Jinasena_KnownGood_Data.knowledge_article_projects,Jinasena_KnownGood_Data.knowledge_article_odoo_documentation,Jinasena_KnownGood_Data.knowledge_article_odoo_documentation,Jinasena_KnownGood_Data.knowledge_article_odoo_documentation
Jinasena_KnownGood_Data.knowledge_article_training_videos_110,Jinasena_KnownGood_Data.knowledge_article_odoo_documentation,Jinasena_KnownGood_Data.knowledge_article_manufacturing,Jinasena_KnownGood_Data.knowledge_article_odoo_documentation
Jinasena_KnownGood_Data.knowledge_article_system_configuration_108,Jinasena_KnownGood_Data.knowledge_article_odoo_documentation,Jinasena_KnownGood_Data.knowledge_article_manufacturing,Jinasena_KnownGood_Data.knowledge_article_odoo_documentation
Jinasena_KnownGood_Data.knowledge_article_manufacturing,Jinasena_KnownGood_Data.knowledge_article_odoo_documentation,Jinasena_KnownGood_Data.knowledge_article_odoo_documentation,Jinasena_KnownGood_Data.knowledge_article_odoo_documentation
Jinasena_KnownGood_Data.knowledge_article_loan_module,Jinasena_KnownGood_Data.knowledge_article_odoo_documentation,Jinasena_KnownGood_Data.knowledge_article_system_configuration_100,Jinasena_KnownGood_Data.knowledge_article_odoo_documentation
Jinasena_KnownGood_Data.knowledge_article_attendance_module,Jinasena_KnownGood_Data.knowledge_article_odoo_documentation,Jinasena_KnownGood_Data.knowledge_article_system_configuration_100,Jinasena_KnownGood_Data.knowledge_article_odoo_documentation
Jinasena_KnownGood_Data.knowledge_article_system_configuration_100,Jinasena_KnownGood_Data.knowledge_article_odoo_documentation,Jinasena_KnownGood_Data.knowledge_article_odoo_payroll_module,Jinasena_KnownGood_Data.knowledge_article_odoo_documentation
Jinasena_KnownGood_Data.knowledge_article_loan,Jinasena_KnownGood_Data.knowledge_article_odoo_documentation,Jinasena_KnownGood_Data.knowledge_article_user_manual_95,Jinasena_KnownGood_Data.knowledge_article_odoo_documentation
Jinasena_KnownGood_Data.knowledge_article_payroll,Jinasena_KnownGood_Data.knowledge_article_odoo_documentation,Jinasena_KnownGood_Data.knowledge_article_user_manual_95,Jinasena_KnownGood_Data.knowledge_article_odoo_documentation
Jinasena_KnownGood_Data.knowledge_article_employee,Jinasena_KnownGood_Data.knowledge_article_odoo_documentation,Jinasena_KnownGood_Data.knowledge_article_user_manual_95,Jinasena_KnownGood_Data.knowledge_article_odoo_documentation
Jinasena_KnownGood_Data.knowledge_article_attendance,Jinasena_KnownGood_Data.knowledge_article_odoo_documentation,Jinasena_KnownGood_Data.knowledge_article_user_manual_95,Jinasena_KnownGood_Data.knowledge_article_odoo_documentation
Jinasena_KnownGood_Data.knowledge_article_user_manual_95,Jinasena_KnownGood_Data.knowledge_article_odoo_documentation,Jinasena_KnownGood_Data.knowledge_article_odoo_payroll_module,Jinasena_KnownGood_Data.knowledge_article_odoo_documentation
Jinasena_KnownGood_Data.knowledge_article_odoo_payroll_module,Jinasena_KnownGood_Data.knowledge_article_odoo_documentation,Jinasena_KnownGood_Data.knowledge_article_odoo_documentation,Jinasena_KnownGood_Data.knowledge_article_odoo_documentation
Jinasena_KnownGood_Data.knowledge_article_system_configuration_91,Jinasena_KnownGood_Data.knowledge_article_odoo_documentation,Jinasena_KnownGood_Data.knowledge_article_inventory_90,Jinasena_KnownGood_Data.knowledge_article_odoo_documentation
Jinasena_KnownGood_Data.knowledge_article_inventory_90,Jinasena_KnownGood_Data.knowledge_article_odoo_documentation,Jinasena_KnownGood_Data.knowledge_article_odoo_documentation,Jinasena_KnownGood_Data.knowledge_article_odoo_documentation
Jinasena_KnownGood_Data.knowledge_article_v17_analytical_plan_mapping,Jinasena_KnownGood_Data.knowledge_article_odoo_documentation,Jinasena_KnownGood_Data.knowledge_article_finance,Jinasena_KnownGood_Data.knowledge_article_odoo_documentation
Jinasena_KnownGood_Data.knowledge_article_costing_worksheet,Jinasena_KnownGood_Data.knowledge_article_odoo_documentation,Jinasena_KnownGood_Data.knowledge_article_finance,Jinasena_KnownGood_Data.knowledge_article_odoo_documentation
Jinasena_KnownGood_Data.knowledge_article_dynamic_cheque_printing_end_user_documen,Jinasena_KnownGood_Data.knowledge_article_odoo_documentation,Jinasena_KnownGood_Data.knowledge_article_finance,Jinasena_KnownGood_Data.knowledge_article_odoo_documentation
Jinasena_KnownGood_Data.knowledge_article_finance_module_configuration_documentati,Jinasena_KnownGood_Data.knowledge_article_odoo_documentation,Jinasena_KnownGood_Data.knowledge_article_finance,Jinasena_KnownGood_Data.knowledge_article_odoo_documentation
Jinasena_KnownGood_Data.knowledge_article_finance_module_end_user_documentation,Jinasena_KnownGood_Data.knowledge_article_odoo_documentation,Jinasena_KnownGood_Data.knowledge_article_finance,Jinasena_KnownGood_Data.knowledge_article_odoo_documentation
Jinasena_KnownGood_Data.knowledge_article_create_a_custom_financial_report,Jinasena_KnownGood_Data.knowledge_article_odoo_documentation,Jinasena_KnownGood_Data.knowledge_article_finance,Jinasena_KnownGood_Data.knowledge_article_odoo_documentation
Jinasena_KnownGood_Data.knowledge_article_introduction_to_odoo_erp_system,Jinasena_KnownGood_Data.knowledge_article_odoo_documentation,Jinasena_KnownGood_Data.knowledge_article_odoo_documentation,Jinasena_KnownGood_Data.knowledge_article_odoo_documentation
Jinasena_KnownGood_Data.knowledge_article_jam,,,Jinasena_KnownGood_Data.knowledge_article_jam
Jinasena_KnownGood_Data.knowledge_article_finance_66,,,Jinasena_KnownGood_Data.knowledge_article_finance_66
Jinasena_KnownGood_Data.knowledge_article_id_65,,,Jinasena_KnownGood_Data.knowledge_article_id_65
Jinasena_KnownGood_Data.knowledge_article_id_63,,,Jinasena_KnownGood_Data.knowledge_article_id_63
Jinasena_KnownGood_Data.knowledge_article_introduction_to_odoo_erp_system_62,,,Jinasena_KnownGood_Data.knowledge_article_introduction_to_odoo_erp_system_62
Jinasena_KnownGood_Data.knowledge_article_inventory_production,Jinasena_KnownGood_Data.knowledge_article_jam,Jinasena_KnownGood_Data.knowledge_article_jam,Jinasena_KnownGood_Data.knowledge_article_jam
Jinasena_KnownGood_Data.knowledge_article_customized_pump_packages_faqs,,Jinasena_KnownGood_Data.knowledge_article_faq,Jinasena_KnownGood_Data.knowledge_article_faq
Jinasena_KnownGood_Data.knowledge_article_water_purification_faqs,Jinasena_KnownGood_Data.knowledge_article_faq,Jinasena_KnownGood_Data.knowledge_article_faq,Jinasena_KnownGood_Data.knowledge_article_faq
Jinasena_KnownGood_Data.knowledge_article_faq,,,Jinasena_KnownGood_Data.knowledge_article_faq
