id,public_categ_ids/id
Jinasena_KnownGood_Data.product_template_10_dual_stage_pre_filter,Jinasena_KnownGood_Data.product_public_category_water_purification
Jinasena_KnownGood_Data.product_template_agrimec_multi_chopper_jmc_10d,Jinasena_KnownGood_Data.product_public_category_agrimec_multi_chopper_jmc_series
Jinasena_KnownGood_Data.product_template_agrimec_multi_chopper_jmc_10e,Jinasena_KnownGood_Data.product_public_category_agrimec_multi_chopper_jmc_series
Jinasena_KnownGood_Data.product_template_agrimec_multi_chopper_jmc_6,Jinasena_KnownGood_Data.product_public_category_agrimec_multi_chopper_jmc_series
Jinasena_KnownGood_Data.product_template_aquapure_250_lph_ro_water_purification_s,Jinasena_KnownGood_Data.product_public_category_water_purification
Jinasena_KnownGood_Data.product_template_aquapure_500_lph_ro_water_purification_s,Jinasena_KnownGood_Data.product_public_category_water_purification
Jinasena_KnownGood_Data.product_template_chaff_cutter_chc_93zt,Jinasena_KnownGood_Data.product_public_category_cutting_and_grinding
Jinasena_KnownGood_Data.product_template_compost_making_shredder_machine_jsh_03es,Jinasena_KnownGood_Data.product_public_category_cutting_and_grinding
Jinasena_KnownGood_Data.product_template_multi_chopper_jsh_15e,Jinasena_KnownGood_Data.product_public_category_multi_chopper_jsh_series
Jinasena_KnownGood_Data.product_template_multi_chopper_jsh_16d,Jinasena_KnownGood_Data.product_public_category_multi_chopper_jsh_series
Jinasena_KnownGood_Data.product_template_multi_chopper_jsh_35t,Jinasena_KnownGood_Data.product_public_category_multi_chopper_jsh_series
Jinasena_KnownGood_Data.product_template_pepper_threshing_machine_ptm_1_5ss,Jinasena_KnownGood_Data.product_public_category_threshing_and_harvesting
Jinasena_KnownGood_Data.product_template_rotoslasher_grass_cutter_cultivator,Jinasena_KnownGood_Data.product_public_category_cutting_and_grinding
Jinasena_KnownGood_Data.product_template_rototiller_cultivator_rc_mt8,Jinasena_KnownGood_Data.product_public_category_cutting_and_grinding
Jinasena_KnownGood_Data.product_template_stainless_steel_multipurpose_grinder,Jinasena_KnownGood_Data.product_public_category_cutting_and_grinding
Jinasena_KnownGood_Data.product_template_tea_cutter_tcm_15hp,Jinasena_KnownGood_Data.product_public_category_processed_tea_cutter_ptc_600
Jinasena_KnownGood_Data.product_template_tea_cutter_tcm_5hp,Jinasena_KnownGood_Data.product_public_category_processed_tea_cutter_ptc_600
Jinasena_KnownGood_Data.product_template_tea_cutter_tcm_5hp_op2,Jinasena_KnownGood_Data.product_public_category_processed_tea_cutter_ptc_600
Jinasena_KnownGood_Data.product_template_threshing_machine_th_7_20,Jinasena_KnownGood_Data.product_public_category_threshing_and_harvesting
