id,pav_attribute_line_ids/id
Jinasena_KnownGood_Data.product_attribute_value_agro_irrigation,"Jinasena_KnownGood_Data.productemplaattribline_id_268,Jinasena_KnownGood_Data.productemplaattribline_id_273,Jinasena_KnownGood_Data.productemplaattribline_id_277,Jinasena_KnownGood_Data.productemplaattribline_id_395,Jinasena_KnownGood_Data.productemplaattribline_id_399,Jinasena_KnownGood_Data.productemplaattribline_id_400,Jinasena_KnownGood_Data.productemplaattribline_id_404,Jinasena_KnownGood_Data.productemplaattribline_id_408,Jinasena_KnownGood_Data.productemplaattribline_id_416,Jinasena_KnownGood_Data.productemplaattribline_id_420,Jinasena_KnownGood_Data.productemplaattribline_id_424,Jinasena_KnownGood_Data.productemplaattribline_id_432,Jinasena_KnownGood_Data.productemplaattribline_id_436,Jinasena_KnownGood_Data.productemplaattribline_id_440,Jinasena_KnownGood_Data.productemplaattribline_id_447,Jinasena_KnownGood_Data.productemplaattribline_id_451,Jinasena_KnownGood_Data.productemplaattribline_id_750,Jinasena_KnownGood_Data.productemplaattribline_id_753,Jinasena_KnownGood_Data.productemplaattribline_id_755"
Jinasena_KnownGood_Data.product_attribute_value_fire_fighting,"Jinasena_KnownGood_Data.productemplaattribline_id_265,Jinasena_KnownGood_Data.productemplaattribline_id_267,Jinasena_KnownGood_Data.productemplaattribline_id_272,Jinasena_KnownGood_Data.productemplaattribline_id_276,Jinasena_KnownGood_Data.productemplaattribline_id_443,Jinasena_KnownGood_Data.productemplaattribline_id_488,Jinasena_KnownGood_Data.productemplaattribline_id_500,Jinasena_KnownGood_Data.productemplaattribline_id_506,Jinasena_KnownGood_Data.productemplaattribline_id_512,Jinasena_KnownGood_Data.productemplaattribline_id_518,Jinasena_KnownGood_Data.productemplaattribline_id_524,Jinasena_KnownGood_Data.productemplaattribline_id_530,Jinasena_KnownGood_Data.productemplaattribline_id_536,Jinasena_KnownGood_Data.productemplaattribline_id_578,Jinasena_KnownGood_Data.productemplaattribline_id_586,Jinasena_KnownGood_Data.productemplaattribline_id_593,Jinasena_KnownGood_Data.productemplaattribline_id_600,Jinasena_KnownGood_Data.productemplaattribline_id_614,Jinasena_KnownGood_Data.productemplaattribline_id_620,Jinasena_KnownGood_Data.productemplaattribline_id_626,Jinasena_KnownGood_Data.productemplaattribline_id_643,Jinasena_KnownGood_Data.productemplaattribline_id_651,Jinasena_KnownGood_Data.productemplaattribline_id_673,Jinasena_KnownGood_Data.productemplaattribline_id_680,Jinasena_KnownGood_Data.productemplaattribline_id_686,Jinasena_KnownGood_Data.productemplaattribline_id_692,Jinasena_KnownGood_Data.productemplaattribline_id_741"
Jinasena_KnownGood_Data.product_attribute_value_flood_control,"Jinasena_KnownGood_Data.productemplaattribline_id_544,Jinasena_KnownGood_Data.productemplaattribline_id_580,Jinasena_KnownGood_Data.productemplaattribline_id_587,Jinasena_KnownGood_Data.productemplaattribline_id_594,Jinasena_KnownGood_Data.productemplaattribline_id_601,Jinasena_KnownGood_Data.productemplaattribline_id_615,Jinasena_KnownGood_Data.productemplaattribline_id_621,Jinasena_KnownGood_Data.productemplaattribline_id_627,Jinasena_KnownGood_Data.productemplaattribline_id_644,Jinasena_KnownGood_Data.productemplaattribline_id_652,Jinasena_KnownGood_Data.productemplaattribline_id_674,Jinasena_KnownGood_Data.productemplaattribline_id_681,Jinasena_KnownGood_Data.productemplaattribline_id_687,Jinasena_KnownGood_Data.productemplaattribline_id_693"
Jinasena_KnownGood_Data.product_attribute_value_general_water_supply,"Jinasena_KnownGood_Data.productemplaattribline_id_359,Jinasena_KnownGood_Data.productemplaattribline_id_363,Jinasena_KnownGood_Data.productemplaattribline_id_369,Jinasena_KnownGood_Data.productemplaattribline_id_372,Jinasena_KnownGood_Data.productemplaattribline_id_383,Jinasena_KnownGood_Data.productemplaattribline_id_386,Jinasena_KnownGood_Data.productemplaattribline_id_389,Jinasena_KnownGood_Data.productemplaattribline_id_392,Jinasena_KnownGood_Data.productemplaattribline_id_396,Jinasena_KnownGood_Data.productemplaattribline_id_401,Jinasena_KnownGood_Data.productemplaattribline_id_405,Jinasena_KnownGood_Data.productemplaattribline_id_413,Jinasena_KnownGood_Data.productemplaattribline_id_417,Jinasena_KnownGood_Data.productemplaattribline_id_421,Jinasena_KnownGood_Data.productemplaattribline_id_429,Jinasena_KnownGood_Data.productemplaattribline_id_437,Jinasena_KnownGood_Data.productemplaattribline_id_444,Jinasena_KnownGood_Data.productemplaattribline_id_448,Jinasena_KnownGood_Data.productemplaattribline_id_489,Jinasena_KnownGood_Data.productemplaattribline_id_501,Jinasena_KnownGood_Data.productemplaattribline_id_507,Jinasena_KnownGood_Data.productemplaattribline_id_513,Jinasena_KnownGood_Data.productemplaattribline_id_519,Jinasena_KnownGood_Data.productemplaattribline_id_525,Jinasena_KnownGood_Data.productemplaattribline_id_531,Jinasena_KnownGood_Data.productemplaattribline_id_537,Jinasena_KnownGood_Data.productemplaattribline_id_678,Jinasena_KnownGood_Data.productemplaattribline_id_684,Jinasena_KnownGood_Data.productemplaattribline_id_690,Jinasena_KnownGood_Data.productemplaattribline_id_696,Jinasena_KnownGood_Data.productemplaattribline_id_745,Jinasena_KnownGood_Data.productemplaattribline_id_757,Jinasena_KnownGood_Data.productemplaattribline_id_915"
Jinasena_KnownGood_Data.product_attribute_value_high_pressure,"Jinasena_KnownGood_Data.productemplaattribline_id_299,Jinasena_KnownGood_Data.productemplaattribline_id_302,Jinasena_KnownGood_Data.productemplaattribline_id_303,Jinasena_KnownGood_Data.productemplaattribline_id_304,Jinasena_KnownGood_Data.productemplaattribline_id_338,Jinasena_KnownGood_Data.productemplaattribline_id_714,Jinasena_KnownGood_Data.productemplaattribline_id_721,Jinasena_KnownGood_Data.productemplaattribline_id_922,Jinasena_KnownGood_Data.productemplaattribline_id_928,Jinasena_KnownGood_Data.productemplaattribline_id_914"
Jinasena_KnownGood_Data.product_attribute_value_home_water_supply,"Jinasena_KnownGood_Data.productemplaattribline_id_279,Jinasena_KnownGood_Data.productemplaattribline_id_281,Jinasena_KnownGood_Data.productemplaattribline_id_283,Jinasena_KnownGood_Data.productemplaattribline_id_285,Jinasena_KnownGood_Data.productemplaattribline_id_291,Jinasena_KnownGood_Data.productemplaattribline_id_293,Jinasena_KnownGood_Data.productemplaattribline_id_295,Jinasena_KnownGood_Data.productemplaattribline_id_297,Jinasena_KnownGood_Data.productemplaattribline_id_311,Jinasena_KnownGood_Data.productemplaattribline_id_313,Jinasena_KnownGood_Data.productemplaattribline_id_315,Jinasena_KnownGood_Data.productemplaattribline_id_326,Jinasena_KnownGood_Data.productemplaattribline_id_913,Jinasena_KnownGood_Data.productemplaattribline_id_920,Jinasena_KnownGood_Data.productemplaattribline_id_926,Jinasena_KnownGood_Data.productemplaattribline_id_932,Jinasena_KnownGood_Data.productemplaattribline_id_937"
Jinasena_KnownGood_Data.product_attribute_value_high_head_water_supply,"Jinasena_KnownGood_Data.productemplaattribline_id_269,Jinasena_KnownGood_Data.productemplaattribline_id_274,Jinasena_KnownGood_Data.productemplaattribline_id_278,Jinasena_KnownGood_Data.productemplaattribline_id_581,Jinasena_KnownGood_Data.productemplaattribline_id_588,Jinasena_KnownGood_Data.productemplaattribline_id_595,Jinasena_KnownGood_Data.productemplaattribline_id_602,Jinasena_KnownGood_Data.productemplaattribline_id_616,Jinasena_KnownGood_Data.productemplaattribline_id_622,Jinasena_KnownGood_Data.productemplaattribline_id_629,Jinasena_KnownGood_Data.productemplaattribline_id_645,Jinasena_KnownGood_Data.productemplaattribline_id_653"
Jinasena_KnownGood_Data.product_attribute_value_hvac,"Jinasena_KnownGood_Data.productemplaattribline_id_731,Jinasena_KnownGood_Data.productemplaattribline_id_739"
Jinasena_KnownGood_Data.product_attribute_value_swimming_pool_water_circulation,"Jinasena_KnownGood_Data.productemplaattribline_id_333,Jinasena_KnownGood_Data.productemplaattribline_id_346,Jinasena_KnownGood_Data.productemplaattribline_id_350,Jinasena_KnownGood_Data.productemplaattribline_id_356,Jinasena_KnownGood_Data.productemplaattribline_id_360,Jinasena_KnownGood_Data.productemplaattribline_id_368,Jinasena_KnownGood_Data.productemplaattribline_id_485,Jinasena_KnownGood_Data.productemplaattribline_id_497,Jinasena_KnownGood_Data.productemplaattribline_id_503,Jinasena_KnownGood_Data.productemplaattribline_id_509,Jinasena_KnownGood_Data.productemplaattribline_id_515,Jinasena_KnownGood_Data.productemplaattribline_id_521,Jinasena_KnownGood_Data.productemplaattribline_id_527,Jinasena_KnownGood_Data.productemplaattribline_id_533,Jinasena_KnownGood_Data.productemplaattribline_id_575,Jinasena_KnownGood_Data.productemplaattribline_id_583,Jinasena_KnownGood_Data.productemplaattribline_id_590,Jinasena_KnownGood_Data.productemplaattribline_id_597,Jinasena_KnownGood_Data.productemplaattribline_id_742"
Jinasena_KnownGood_Data.product_attribute_value_cooling_tower,"Jinasena_KnownGood_Data.productemplaattribline_id_334,Jinasena_KnownGood_Data.productemplaattribline_id_486,Jinasena_KnownGood_Data.productemplaattribline_id_498,Jinasena_KnownGood_Data.productemplaattribline_id_504,Jinasena_KnownGood_Data.productemplaattribline_id_510,Jinasena_KnownGood_Data.productemplaattribline_id_516,Jinasena_KnownGood_Data.productemplaattribline_id_522,Jinasena_KnownGood_Data.productemplaattribline_id_528,Jinasena_KnownGood_Data.productemplaattribline_id_534,Jinasena_KnownGood_Data.productemplaattribline_id_576,Jinasena_KnownGood_Data.productemplaattribline_id_584,Jinasena_KnownGood_Data.productemplaattribline_id_591,Jinasena_KnownGood_Data.productemplaattribline_id_598,Jinasena_KnownGood_Data.productemplaattribline_id_612,Jinasena_KnownGood_Data.productemplaattribline_id_618,Jinasena_KnownGood_Data.productemplaattribline_id_624,Jinasena_KnownGood_Data.productemplaattribline_id_641,Jinasena_KnownGood_Data.productemplaattribline_id_649,Jinasena_KnownGood_Data.productemplaattribline_id_707,Jinasena_KnownGood_Data.productemplaattribline_id_718,Jinasena_KnownGood_Data.productemplaattribline_id_725,Jinasena_KnownGood_Data.productemplaattribline_id_734"
Jinasena_KnownGood_Data.product_attribute_value_sprinkler_pop_ups_rain_gun,"Jinasena_KnownGood_Data.productemplaattribline_id_261,Jinasena_KnownGood_Data.productemplaattribline_id_264,Jinasena_KnownGood_Data.productemplaattribline_id_270,Jinasena_KnownGood_Data.productemplaattribline_id_631,Jinasena_KnownGood_Data.productemplaattribline_id_647,Jinasena_KnownGood_Data.productemplaattribline_id_655,Jinasena_KnownGood_Data.productemplaattribline_id_677,Jinasena_KnownGood_Data.productemplaattribline_id_683,Jinasena_KnownGood_Data.productemplaattribline_id_689,Jinasena_KnownGood_Data.productemplaattribline_id_695,Jinasena_KnownGood_Data.productemplaattribline_id_713,Jinasena_KnownGood_Data.productemplaattribline_id_720,Jinasena_KnownGood_Data.productemplaattribline_id_727,Jinasena_KnownGood_Data.productemplaattribline_id_736"
Jinasena_KnownGood_Data.product_attribute_value_chilled_water_circulation,"Jinasena_KnownGood_Data.productemplaattribline_id_260,Jinasena_KnownGood_Data.productemplaattribline_id_715,Jinasena_KnownGood_Data.productemplaattribline_id_722,Jinasena_KnownGood_Data.productemplaattribline_id_729,Jinasena_KnownGood_Data.productemplaattribline_id_737"
Jinasena_KnownGood_Data.product_attribute_value_lift_irrigation,"Jinasena_KnownGood_Data.productemplaattribline_id_630,Jinasena_KnownGood_Data.productemplaattribline_id_646,Jinasena_KnownGood_Data.productemplaattribline_id_654,Jinasena_KnownGood_Data.productemplaattribline_id_676,Jinasena_KnownGood_Data.productemplaattribline_id_682,Jinasena_KnownGood_Data.productemplaattribline_id_688,Jinasena_KnownGood_Data.productemplaattribline_id_694,Jinasena_KnownGood_Data.productemplaattribline_id_712,Jinasena_KnownGood_Data.productemplaattribline_id_719,Jinasena_KnownGood_Data.productemplaattribline_id_726,Jinasena_KnownGood_Data.productemplaattribline_id_735"
Jinasena_KnownGood_Data.product_attribute_value_filter_feed,"Jinasena_KnownGood_Data.productemplaattribline_id_732,Jinasena_KnownGood_Data.productemplaattribline_id_740"
Jinasena_KnownGood_Data.product_attribute_value_1_phase,"Jinasena_KnownGood_Data.productemplaattribline_id_280,Jinasena_KnownGood_Data.productemplaattribline_id_282,Jinasena_KnownGood_Data.productemplaattribline_id_284,Jinasena_KnownGood_Data.productemplaattribline_id_286,Jinasena_KnownGood_Data.productemplaattribline_id_292,Jinasena_KnownGood_Data.productemplaattribline_id_294,Jinasena_KnownGood_Data.productemplaattribline_id_296,Jinasena_KnownGood_Data.productemplaattribline_id_298,Jinasena_KnownGood_Data.productemplaattribline_id_312,Jinasena_KnownGood_Data.productemplaattribline_id_314,Jinasena_KnownGood_Data.productemplaattribline_id_316,Jinasena_KnownGood_Data.productemplaattribline_id_327,Jinasena_KnownGood_Data.productemplaattribline_id_335,Jinasena_KnownGood_Data.productemplaattribline_id_348,Jinasena_KnownGood_Data.productemplaattribline_id_351,Jinasena_KnownGood_Data.productemplaattribline_id_370,Jinasena_KnownGood_Data.productemplaattribline_id_384,Jinasena_KnownGood_Data.productemplaattribline_id_387,Jinasena_KnownGood_Data.productemplaattribline_id_390,Jinasena_KnownGood_Data.productemplaattribline_id_393,Jinasena_KnownGood_Data.productemplaattribline_id_397,Jinasena_KnownGood_Data.productemplaattribline_id_402,Jinasena_KnownGood_Data.productemplaattribline_id_752,Jinasena_KnownGood_Data.productemplaattribline_id_756,Jinasena_KnownGood_Data.productemplaattribline_id_758,Jinasena_KnownGood_Data.productemplaattribline_id_921,Jinasena_KnownGood_Data.productemplaattribline_id_927,Jinasena_KnownGood_Data.productemplaattribline_id_933,Jinasena_KnownGood_Data.productemplaattribline_id_938,Jinasena_KnownGood_Data.productemplaattribline_id_916"
Jinasena_KnownGood_Data.product_attribute_value_3_phase,"Jinasena_KnownGood_Data.productemplaattribline_id_257,Jinasena_KnownGood_Data.productemplaattribline_id_262,Jinasena_KnownGood_Data.productemplaattribline_id_266,Jinasena_KnownGood_Data.productemplaattribline_id_271,Jinasena_KnownGood_Data.productemplaattribline_id_275,Jinasena_KnownGood_Data.productemplaattribline_id_357,Jinasena_KnownGood_Data.productemplaattribline_id_361,Jinasena_KnownGood_Data.productemplaattribline_id_406,Jinasena_KnownGood_Data.productemplaattribline_id_414,Jinasena_KnownGood_Data.productemplaattribline_id_418,Jinasena_KnownGood_Data.productemplaattribline_id_422,Jinasena_KnownGood_Data.productemplaattribline_id_430,Jinasena_KnownGood_Data.productemplaattribline_id_434,Jinasena_KnownGood_Data.productemplaattribline_id_438,Jinasena_KnownGood_Data.productemplaattribline_id_445,Jinasena_KnownGood_Data.productemplaattribline_id_449,Jinasena_KnownGood_Data.productemplaattribline_id_484,Jinasena_KnownGood_Data.productemplaattribline_id_496,Jinasena_KnownGood_Data.productemplaattribline_id_502,Jinasena_KnownGood_Data.productemplaattribline_id_508,Jinasena_KnownGood_Data.productemplaattribline_id_514,Jinasena_KnownGood_Data.productemplaattribline_id_520,Jinasena_KnownGood_Data.productemplaattribline_id_526,Jinasena_KnownGood_Data.productemplaattribline_id_532,Jinasena_KnownGood_Data.productemplaattribline_id_574,Jinasena_KnownGood_Data.productemplaattribline_id_582,Jinasena_KnownGood_Data.productemplaattribline_id_589,Jinasena_KnownGood_Data.productemplaattribline_id_596,Jinasena_KnownGood_Data.productemplaattribline_id_610,Jinasena_KnownGood_Data.productemplaattribline_id_617,Jinasena_KnownGood_Data.productemplaattribline_id_623,Jinasena_KnownGood_Data.productemplaattribline_id_640,Jinasena_KnownGood_Data.productemplaattribline_id_648,Jinasena_KnownGood_Data.productemplaattribline_id_670,Jinasena_KnownGood_Data.productemplaattribline_id_679,Jinasena_KnownGood_Data.productemplaattribline_id_685,Jinasena_KnownGood_Data.productemplaattribline_id_691,Jinasena_KnownGood_Data.productemplaattribline_id_706,Jinasena_KnownGood_Data.productemplaattribline_id_717,Jinasena_KnownGood_Data.productemplaattribline_id_724,Jinasena_KnownGood_Data.productemplaattribline_id_733,Jinasena_KnownGood_Data.productemplaattribline_id_746,Jinasena_KnownGood_Data.productemplaattribline_id_749,Jinasena_KnownGood_Data.productemplaattribline_id_754,Jinasena_KnownGood_Data.productemplaattribline_id_759"
Jinasena_KnownGood_Data.product_attribute_value_1_x_1,"Jinasena_KnownGood_Data.productemplaattribline_id_548,Jinasena_KnownGood_Data.productemplaattribline_id_549,Jinasena_KnownGood_Data.productemplaattribline_id_550,Jinasena_KnownGood_Data.productemplaattribline_id_551,Jinasena_KnownGood_Data.productemplaattribline_id_554,Jinasena_KnownGood_Data.productemplaattribline_id_555,Jinasena_KnownGood_Data.productemplaattribline_id_556,Jinasena_KnownGood_Data.productemplaattribline_id_557,Jinasena_KnownGood_Data.productemplaattribline_id_559,Jinasena_KnownGood_Data.productemplaattribline_id_560,Jinasena_KnownGood_Data.productemplaattribline_id_563,Jinasena_KnownGood_Data.productemplaattribline_id_564,Jinasena_KnownGood_Data.productemplaattribline_id_923,Jinasena_KnownGood_Data.productemplaattribline_id_929,Jinasena_KnownGood_Data.productemplaattribline_id_934,Jinasena_KnownGood_Data.productemplaattribline_id_939"
Jinasena_KnownGood_Data.product_attribute_value_6_x_6,"Jinasena_KnownGood_Data.productemplaattribline_id_577,Jinasena_KnownGood_Data.productemplaattribline_id_585,Jinasena_KnownGood_Data.productemplaattribline_id_592,Jinasena_KnownGood_Data.productemplaattribline_id_599,Jinasena_KnownGood_Data.productemplaattribline_id_613,Jinasena_KnownGood_Data.productemplaattribline_id_619"
Jinasena_KnownGood_Data.product_attribute_value_1_1_2_x_1_1_4,"Jinasena_KnownGood_Data.productemplaattribline_id_345,Jinasena_KnownGood_Data.productemplaattribline_id_349,Jinasena_KnownGood_Data.productemplaattribline_id_352,Jinasena_KnownGood_Data.productemplaattribline_id_358,Jinasena_KnownGood_Data.productemplaattribline_id_362,Jinasena_KnownGood_Data.productemplaattribline_id_744"
Jinasena_KnownGood_Data.product_attribute_value_1_1_2_x_1_1_2,Jinasena_KnownGood_Data.productemplaattribline_id_371
Jinasena_KnownGood_Data.product_attribute_value_2_x_2,"Jinasena_KnownGood_Data.productemplaattribline_id_385,Jinasena_KnownGood_Data.productemplaattribline_id_388,Jinasena_KnownGood_Data.productemplaattribline_id_391,Jinasena_KnownGood_Data.productemplaattribline_id_394,Jinasena_KnownGood_Data.productemplaattribline_id_398,Jinasena_KnownGood_Data.productemplaattribline_id_403,Jinasena_KnownGood_Data.productemplaattribline_id_407,Jinasena_KnownGood_Data.productemplaattribline_id_415,Jinasena_KnownGood_Data.productemplaattribline_id_419,Jinasena_KnownGood_Data.productemplaattribline_id_423,Jinasena_KnownGood_Data.productemplaattribline_id_431,Jinasena_KnownGood_Data.productemplaattribline_id_435,Jinasena_KnownGood_Data.productemplaattribline_id_439,Jinasena_KnownGood_Data.productemplaattribline_id_446,Jinasena_KnownGood_Data.productemplaattribline_id_450"
Jinasena_KnownGood_Data.product_attribute_value_3_x_3,"Jinasena_KnownGood_Data.productemplaattribline_id_376,Jinasena_KnownGood_Data.productemplaattribline_id_377,Jinasena_KnownGood_Data.productemplaattribline_id_379,Jinasena_KnownGood_Data.productemplaattribline_id_625"
Jinasena_KnownGood_Data.product_attribute_value_4_x_3,"Jinasena_KnownGood_Data.productemplaattribline_id_380,Jinasena_KnownGood_Data.productemplaattribline_id_381,Jinasena_KnownGood_Data.productemplaattribline_id_642,Jinasena_KnownGood_Data.productemplaattribline_id_650"
Jinasena_KnownGood_Data.product_attribute_value_4_x_4,Jinasena_KnownGood_Data.productemplaattribline_id_487
Jinasena_KnownGood_Data.product_attribute_value_6_x_4,"Jinasena_KnownGood_Data.productemplaattribline_id_499,Jinasena_KnownGood_Data.productemplaattribline_id_505,Jinasena_KnownGood_Data.productemplaattribline_id_511,Jinasena_KnownGood_Data.productemplaattribline_id_517,Jinasena_KnownGood_Data.productemplaattribline_id_523,Jinasena_KnownGood_Data.productemplaattribline_id_529,Jinasena_KnownGood_Data.productemplaattribline_id_535"
Jinasena_KnownGood_Data.product_attribute_value_3_x_2_1_2,"Jinasena_KnownGood_Data.productemplaattribline_id_716,Jinasena_KnownGood_Data.productemplaattribline_id_723,Jinasena_KnownGood_Data.productemplaattribline_id_730,Jinasena_KnownGood_Data.productemplaattribline_id_738"
Jinasena_KnownGood_Data.product_attribute_value_1_hp,Jinasena_KnownGood_Data.productemplaattribline_id_917
Jinasena_KnownGood_Data.product_attribute_value_5_year_warranty_1_year_parts_and_labour_,"Jinasena_KnownGood_Data.productemplaattribline_id_760,Jinasena_KnownGood_Data.productemplaattribline_id_761,Jinasena_KnownGood_Data.productemplaattribline_id_764,Jinasena_KnownGood_Data.productemplaattribline_id_766,Jinasena_KnownGood_Data.productemplaattribline_id_768,Jinasena_KnownGood_Data.productemplaattribline_id_770,Jinasena_KnownGood_Data.productemplaattribline_id_772,Jinasena_KnownGood_Data.productemplaattribline_id_774,Jinasena_KnownGood_Data.productemplaattribline_id_776,Jinasena_KnownGood_Data.productemplaattribline_id_778,Jinasena_KnownGood_Data.productemplaattribline_id_780,Jinasena_KnownGood_Data.productemplaattribline_id_784,Jinasena_KnownGood_Data.productemplaattribline_id_787,Jinasena_KnownGood_Data.productemplaattribline_id_789,Jinasena_KnownGood_Data.productemplaattribline_id_791,Jinasena_KnownGood_Data.productemplaattribline_id_793,Jinasena_KnownGood_Data.productemplaattribline_id_795,Jinasena_KnownGood_Data.productemplaattribline_id_797,Jinasena_KnownGood_Data.productemplaattribline_id_799,Jinasena_KnownGood_Data.productemplaattribline_id_801,Jinasena_KnownGood_Data.productemplaattribline_id_805,Jinasena_KnownGood_Data.productemplaattribline_id_807,Jinasena_KnownGood_Data.productemplaattribline_id_809,Jinasena_KnownGood_Data.productemplaattribline_id_811,Jinasena_KnownGood_Data.productemplaattribline_id_813,Jinasena_KnownGood_Data.productemplaattribline_id_815,Jinasena_KnownGood_Data.productemplaattribline_id_817,Jinasena_KnownGood_Data.productemplaattribline_id_819,Jinasena_KnownGood_Data.productemplaattribline_id_821,Jinasena_KnownGood_Data.productemplaattribline_id_823,Jinasena_KnownGood_Data.productemplaattribline_id_825,Jinasena_KnownGood_Data.productemplaattribline_id_827,Jinasena_KnownGood_Data.productemplaattribline_id_829,Jinasena_KnownGood_Data.productemplaattribline_id_831,Jinasena_KnownGood_Data.productemplaattribline_id_833,Jinasena_KnownGood_Data.productemplaattribline_id_835,Jinasena_KnownGood_Data.productemplaattribline_id_837,Jinasena_KnownGood_Data.productemplaattribline_id_839,Jinasena_KnownGood_Data.productemplaattribline_id_841,Jinasena_KnownGood_Data.productemplaattribline_id_843,Jinasena_KnownGood_Data.productemplaattribline_id_845,Jinasena_KnownGood_Data.productemplaattribline_id_847,Jinasena_KnownGood_Data.productemplaattribline_id_849,Jinasena_KnownGood_Data.productemplaattribline_id_851,Jinasena_KnownGood_Data.productemplaattribline_id_853,Jinasena_KnownGood_Data.productemplaattribline_id_855,Jinasena_KnownGood_Data.productemplaattribline_id_857,Jinasena_KnownGood_Data.productemplaattribline_id_859,Jinasena_KnownGood_Data.productemplaattribline_id_861,Jinasena_KnownGood_Data.productemplaattribline_id_863,Jinasena_KnownGood_Data.productemplaattribline_id_865,Jinasena_KnownGood_Data.productemplaattribline_id_867,Jinasena_KnownGood_Data.productemplaattribline_id_869,Jinasena_KnownGood_Data.productemplaattribline_id_871,Jinasena_KnownGood_Data.productemplaattribline_id_873,Jinasena_KnownGood_Data.productemplaattribline_id_875,Jinasena_KnownGood_Data.productemplaattribline_id_877,Jinasena_KnownGood_Data.productemplaattribline_id_879,Jinasena_KnownGood_Data.productemplaattribline_id_881,Jinasena_KnownGood_Data.productemplaattribline_id_888,Jinasena_KnownGood_Data.productemplaattribline_id_890,Jinasena_KnownGood_Data.productemplaattribline_id_924,Jinasena_KnownGood_Data.productemplaattribline_id_930,Jinasena_KnownGood_Data.productemplaattribline_id_935,Jinasena_KnownGood_Data.productemplaattribline_id_940,Jinasena_KnownGood_Data.productemplaattribline_id_918"
Jinasena_KnownGood_Data.product_attribute_value_original_manufacturer_service_fully_cove,"Jinasena_KnownGood_Data.productemplaattribline_id_763,Jinasena_KnownGood_Data.productemplaattribline_id_765,Jinasena_KnownGood_Data.productemplaattribline_id_767,Jinasena_KnownGood_Data.productemplaattribline_id_769,Jinasena_KnownGood_Data.productemplaattribline_id_771,Jinasena_KnownGood_Data.productemplaattribline_id_773,Jinasena_KnownGood_Data.productemplaattribline_id_775,Jinasena_KnownGood_Data.productemplaattribline_id_777,Jinasena_KnownGood_Data.productemplaattribline_id_779,Jinasena_KnownGood_Data.productemplaattribline_id_781,Jinasena_KnownGood_Data.productemplaattribline_id_785,Jinasena_KnownGood_Data.productemplaattribline_id_786,Jinasena_KnownGood_Data.productemplaattribline_id_788,Jinasena_KnownGood_Data.productemplaattribline_id_790,Jinasena_KnownGood_Data.productemplaattribline_id_792,Jinasena_KnownGood_Data.productemplaattribline_id_794,Jinasena_KnownGood_Data.productemplaattribline_id_796,Jinasena_KnownGood_Data.productemplaattribline_id_798,Jinasena_KnownGood_Data.productemplaattribline_id_800,Jinasena_KnownGood_Data.productemplaattribline_id_802,Jinasena_KnownGood_Data.productemplaattribline_id_806,Jinasena_KnownGood_Data.productemplaattribline_id_808,Jinasena_KnownGood_Data.productemplaattribline_id_810,Jinasena_KnownGood_Data.productemplaattribline_id_812,Jinasena_KnownGood_Data.productemplaattribline_id_814,Jinasena_KnownGood_Data.productemplaattribline_id_816,Jinasena_KnownGood_Data.productemplaattribline_id_818,Jinasena_KnownGood_Data.productemplaattribline_id_820,Jinasena_KnownGood_Data.productemplaattribline_id_822,Jinasena_KnownGood_Data.productemplaattribline_id_824,Jinasena_KnownGood_Data.productemplaattribline_id_826,Jinasena_KnownGood_Data.productemplaattribline_id_828,Jinasena_KnownGood_Data.productemplaattribline_id_830,Jinasena_KnownGood_Data.productemplaattribline_id_832,Jinasena_KnownGood_Data.productemplaattribline_id_834,Jinasena_KnownGood_Data.productemplaattribline_id_836,Jinasena_KnownGood_Data.productemplaattribline_id_838,Jinasena_KnownGood_Data.productemplaattribline_id_840,Jinasena_KnownGood_Data.productemplaattribline_id_842,Jinasena_KnownGood_Data.productemplaattribline_id_844,Jinasena_KnownGood_Data.productemplaattribline_id_846,Jinasena_KnownGood_Data.productemplaattribline_id_848,Jinasena_KnownGood_Data.productemplaattribline_id_850,Jinasena_KnownGood_Data.productemplaattribline_id_852,Jinasena_KnownGood_Data.productemplaattribline_id_854,Jinasena_KnownGood_Data.productemplaattribline_id_856,Jinasena_KnownGood_Data.productemplaattribline_id_858,Jinasena_KnownGood_Data.productemplaattribline_id_860,Jinasena_KnownGood_Data.productemplaattribline_id_862,Jinasena_KnownGood_Data.productemplaattribline_id_864,Jinasena_KnownGood_Data.productemplaattribline_id_866,Jinasena_KnownGood_Data.productemplaattribline_id_868,Jinasena_KnownGood_Data.productemplaattribline_id_870,Jinasena_KnownGood_Data.productemplaattribline_id_872,Jinasena_KnownGood_Data.productemplaattribline_id_874,Jinasena_KnownGood_Data.productemplaattribline_id_876,Jinasena_KnownGood_Data.productemplaattribline_id_878,Jinasena_KnownGood_Data.productemplaattribline_id_880,Jinasena_KnownGood_Data.productemplaattribline_id_882,Jinasena_KnownGood_Data.productemplaattribline_id_889,Jinasena_KnownGood_Data.productemplaattribline_id_891,Jinasena_KnownGood_Data.productemplaattribline_id_925,Jinasena_KnownGood_Data.productemplaattribline_id_931,Jinasena_KnownGood_Data.productemplaattribline_id_936,Jinasena_KnownGood_Data.productemplaattribline_id_941,Jinasena_KnownGood_Data.productemplaattribline_id_919"
