id,parent_id/id
Jinasena_KnownGood_Data.product_public_category_domestic,Jinasena_KnownGood_Data.product_public_category_water_pumps
Jinasena_KnownGood_Data.product_public_category_industrial,Jinasena_KnownGood_Data.product_public_category_water_pumps
Jinasena_KnownGood_Data.product_public_category_electric,Jinasena_KnownGood_Data.product_public_category_industrial
Jinasena_KnownGood_Data.product_public_category_engine,Jinasena_KnownGood_Data.product_public_category_industrial
Jinasena_KnownGood_Data.product_public_category_kerosene,Jinasena_KnownGood_Data.product_public_category_engine
Jinasena_KnownGood_Data.product_public_category_petrol,Jinasena_KnownGood_Data.product_public_category_engine
Jinasena_KnownGood_Data.product_public_category_cj_series,Jinasena_KnownGood_Data.product_public_category_domestic
Jinasena_KnownGood_Data.product_public_category_epc_pbs_series,Jinasena_KnownGood_Data.product_public_category_domestic
Jinasena_KnownGood_Data.product_public_category_n_series,Jinasena_KnownGood_Data.product_public_category_domestic
Jinasena_KnownGood_Data.product_public_category_ppo_series,Jinasena_KnownGood_Data.product_public_category_domestic
Jinasena_KnownGood_Data.product_public_category_cutting_and_grinding,Jinasena_KnownGood_Data.product_public_category_agricultural_machinery
Jinasena_KnownGood_Data.product_public_category_threshing_and_harvesting,Jinasena_KnownGood_Data.product_public_category_agricultural_machinery
Jinasena_KnownGood_Data.product_public_category_processed_tea_cutter_ptc_600,Jinasena_KnownGood_Data.product_public_category_cutting_and_grinding
Jinasena_KnownGood_Data.product_public_category_multi_chopper_jsh_series,Jinasena_KnownGood_Data.product_public_category_cutting_and_grinding
Jinasena_KnownGood_Data.product_public_category_agrimec_multi_chopper_jmc_series,Jinasena_KnownGood_Data.product_public_category_cutting_and_grinding
