id,name,parent_path,sequence,product_tmpl_ids/id
product_public_category_water_pumps,Water Pumps,1/,10000,
product_public_category_domestic,﻿Domestic﻿,1/2/,10001,
product_public_category_industrial,﻿Industrial﻿,1/3/,10002,
product_public_category_agricultural_machinery,Agricultural Machinery,4/,10003,
product_public_category_water_purification,Water Purification,5/,10004,"Jinasena_KnownGood_Data.product_template_10_dual_stage_pre_filter,Jinasena_KnownGood_Data.product_template_aquapure_250_lph_ro_water_purification_s,Jinasena_KnownGood_Data.product_template_aquapure_500_lph_ro_water_purification_s"
product_public_category_irrigation,Irrigation,6/,10005,
product_public_category_spare_parts,Spare Parts,7/,10006,
product_public_category_solar,Solar,8/,10007,
product_public_category_electric,﻿Electric﻿,1/3/21/,10008,
product_public_category_engine,Engine,1/3/22/,10011,
product_public_category_kerosene,Kerosene,1/3/22/24/,10012,
product_public_category_petrol,Petrol,1/3/22/23/,10013,
product_public_category_cj_series,CJ Series,1/2/20/,10015,
product_public_category_epc_pbs_series,﻿EPC & PBS Series﻿,1/2/31/,10016,
product_public_category_n_series,N Series,1/2/30/,10017,
product_public_category_ppo_series,﻿PPO Series﻿,1/2/32/,10018,
product_public_category_cutting_and_grinding,Cutting and Grinding,4/38/,10038,"Jinasena_KnownGood_Data.product_template_chaff_cutter_chc_93zt,Jinasena_KnownGood_Data.product_template_compost_making_shredder_machine_jsh_03es,Jinasena_KnownGood_Data.product_template_rotoslasher_grass_cutter_cultivator,Jinasena_KnownGood_Data.product_template_rototiller_cultivator_rc_mt8,Jinasena_KnownGood_Data.product_template_stainless_steel_multipurpose_grinder"
product_public_category_threshing_and_harvesting,Threshing and Harvesting,4/39/,10043,"Jinasena_KnownGood_Data.product_template_pepper_threshing_machine_ptm_1_5ss,Jinasena_KnownGood_Data.product_template_threshing_machine_th_7_20"
product_public_category_processed_tea_cutter_ptc_600,Processed Tea Cutter PTC 600,4/38/40/,10048,"Jinasena_KnownGood_Data.product_template_tea_cutter_tcm_15hp,Jinasena_KnownGood_Data.product_template_tea_cutter_tcm_5hp,Jinasena_KnownGood_Data.product_template_tea_cutter_tcm_5hp_op2"
product_public_category_multi_chopper_jsh_series,Multi Chopper JSH Series,4/38/41/,10053,"Jinasena_KnownGood_Data.product_template_multi_chopper_jsh_15e,Jinasena_KnownGood_Data.product_template_multi_chopper_jsh_16d,Jinasena_KnownGood_Data.product_template_multi_chopper_jsh_35t"
product_public_category_agrimec_multi_chopper_jmc_series,Agrimec Multi Chopper JMC Series,4/38/42/,10058,"Jinasena_KnownGood_Data.product_template_agrimec_multi_chopper_jmc_10d,Jinasena_KnownGood_Data.product_template_agrimec_multi_chopper_jmc_10e,Jinasena_KnownGood_Data.product_template_agrimec_multi_chopper_jmc_6"
