id,active,sequence,attribute_id/id,value_ids/id,value_count
productemplaattribline_id_260,1,10,Jinasena_KnownGood_Data.product_attribute_application,Jinasena_KnownGood_Data.product_attribute_value_chilled_water_circulation,1
productemplaattribline_id_261,1,10,Jinasena_KnownGood_Data.product_attribute_application,Jinasena_KnownGood_Data.product_attribute_value_sprinkler_pop_ups_rain_gun,1
productemplaattribline_id_264,1,10,Jinasena_KnownGood_Data.product_attribute_application,Jinasena_KnownGood_Data.product_attribute_value_sprinkler_pop_ups_rain_gun,1
productemplaattribline_id_265,1,10,Jinasena_KnownGood_Data.product_attribute_application,Jinasena_KnownGood_Data.product_attribute_value_fire_fighting,1
productemplaattribline_id_267,1,10,Jinasena_KnownGood_Data.product_attribute_application,Jinasena_KnownGood_Data.product_attribute_value_fire_fighting,1
productemplaattribline_id_268,1,10,Jinasena_KnownGood_Data.product_attribute_application,Jinasena_KnownGood_Data.product_attribute_value_agro_irrigation,1
productemplaattribline_id_269,1,10,Jinasena_KnownGood_Data.product_attribute_application,Jinasena_KnownGood_Data.product_attribute_value_high_head_water_supply,1
productemplaattribline_id_270,1,10,Jinasena_KnownGood_Data.product_attribute_application,Jinasena_KnownGood_Data.product_attribute_value_sprinkler_pop_ups_rain_gun,1
productemplaattribline_id_272,1,10,Jinasena_KnownGood_Data.product_attribute_application,Jinasena_KnownGood_Data.product_attribute_value_fire_fighting,1
productemplaattribline_id_273,1,10,Jinasena_KnownGood_Data.product_attribute_application,Jinasena_KnownGood_Data.product_attribute_value_agro_irrigation,1
productemplaattribline_id_274,1,10,Jinasena_KnownGood_Data.product_attribute_application,Jinasena_KnownGood_Data.product_attribute_value_high_head_water_supply,1
productemplaattribline_id_276,1,10,Jinasena_KnownGood_Data.product_attribute_application,Jinasena_KnownGood_Data.product_attribute_value_fire_fighting,1
productemplaattribline_id_277,1,10,Jinasena_KnownGood_Data.product_attribute_application,Jinasena_KnownGood_Data.product_attribute_value_agro_irrigation,1
productemplaattribline_id_278,1,10,Jinasena_KnownGood_Data.product_attribute_application,Jinasena_KnownGood_Data.product_attribute_value_high_head_water_supply,1
productemplaattribline_id_279,1,10,Jinasena_KnownGood_Data.product_attribute_application,Jinasena_KnownGood_Data.product_attribute_value_home_water_supply,1
productemplaattribline_id_281,1,10,Jinasena_KnownGood_Data.product_attribute_application,Jinasena_KnownGood_Data.product_attribute_value_home_water_supply,1
productemplaattribline_id_283,1,10,Jinasena_KnownGood_Data.product_attribute_application,Jinasena_KnownGood_Data.product_attribute_value_home_water_supply,1
productemplaattribline_id_285,1,10,Jinasena_KnownGood_Data.product_attribute_application,Jinasena_KnownGood_Data.product_attribute_value_home_water_supply,1
productemplaattribline_id_291,1,10,Jinasena_KnownGood_Data.product_attribute_application,Jinasena_KnownGood_Data.product_attribute_value_home_water_supply,1
productemplaattribline_id_293,1,10,Jinasena_KnownGood_Data.product_attribute_application,Jinasena_KnownGood_Data.product_attribute_value_home_water_supply,1
productemplaattribline_id_295,1,10,Jinasena_KnownGood_Data.product_attribute_application,Jinasena_KnownGood_Data.product_attribute_value_home_water_supply,1
productemplaattribline_id_297,1,10,Jinasena_KnownGood_Data.product_attribute_application,Jinasena_KnownGood_Data.product_attribute_value_home_water_supply,1
productemplaattribline_id_299,1,10,Jinasena_KnownGood_Data.product_attribute_application,Jinasena_KnownGood_Data.product_attribute_value_high_pressure,1
productemplaattribline_id_302,1,10,Jinasena_KnownGood_Data.product_attribute_application,Jinasena_KnownGood_Data.product_attribute_value_high_pressure,1
productemplaattribline_id_303,1,10,Jinasena_KnownGood_Data.product_attribute_application,Jinasena_KnownGood_Data.product_attribute_value_high_pressure,1
productemplaattribline_id_304,1,10,Jinasena_KnownGood_Data.product_attribute_application,Jinasena_KnownGood_Data.product_attribute_value_high_pressure,1
productemplaattribline_id_311,1,10,Jinasena_KnownGood_Data.product_attribute_application,Jinasena_KnownGood_Data.product_attribute_value_home_water_supply,1
productemplaattribline_id_313,1,10,Jinasena_KnownGood_Data.product_attribute_application,Jinasena_KnownGood_Data.product_attribute_value_home_water_supply,1
productemplaattribline_id_315,1,10,Jinasena_KnownGood_Data.product_attribute_application,Jinasena_KnownGood_Data.product_attribute_value_home_water_supply,1
productemplaattribline_id_326,1,10,Jinasena_KnownGood_Data.product_attribute_application,Jinasena_KnownGood_Data.product_attribute_value_home_water_supply,1
productemplaattribline_id_333,1,10,Jinasena_KnownGood_Data.product_attribute_application,Jinasena_KnownGood_Data.product_attribute_value_swimming_pool_water_circulation,1
productemplaattribline_id_334,1,10,Jinasena_KnownGood_Data.product_attribute_application,Jinasena_KnownGood_Data.product_attribute_value_cooling_tower,1
productemplaattribline_id_338,1,10,Jinasena_KnownGood_Data.product_attribute_application,Jinasena_KnownGood_Data.product_attribute_value_high_pressure,1
productemplaattribline_id_346,1,10,Jinasena_KnownGood_Data.product_attribute_application,Jinasena_KnownGood_Data.product_attribute_value_swimming_pool_water_circulation,1
productemplaattribline_id_350,1,10,Jinasena_KnownGood_Data.product_attribute_application,Jinasena_KnownGood_Data.product_attribute_value_swimming_pool_water_circulation,1
productemplaattribline_id_356,1,10,Jinasena_KnownGood_Data.product_attribute_application,Jinasena_KnownGood_Data.product_attribute_value_swimming_pool_water_circulation,1
productemplaattribline_id_359,1,10,Jinasena_KnownGood_Data.product_attribute_application,Jinasena_KnownGood_Data.product_attribute_value_general_water_supply,1
productemplaattribline_id_360,1,10,Jinasena_KnownGood_Data.product_attribute_application,Jinasena_KnownGood_Data.product_attribute_value_swimming_pool_water_circulation,1
productemplaattribline_id_363,1,10,Jinasena_KnownGood_Data.product_attribute_application,Jinasena_KnownGood_Data.product_attribute_value_general_water_supply,1
productemplaattribline_id_368,1,10,Jinasena_KnownGood_Data.product_attribute_application,Jinasena_KnownGood_Data.product_attribute_value_swimming_pool_water_circulation,1
productemplaattribline_id_369,1,10,Jinasena_KnownGood_Data.product_attribute_application,Jinasena_KnownGood_Data.product_attribute_value_general_water_supply,1
productemplaattribline_id_372,1,10,Jinasena_KnownGood_Data.product_attribute_application,Jinasena_KnownGood_Data.product_attribute_value_general_water_supply,1
productemplaattribline_id_383,1,10,Jinasena_KnownGood_Data.product_attribute_application,Jinasena_KnownGood_Data.product_attribute_value_general_water_supply,1
productemplaattribline_id_386,1,10,Jinasena_KnownGood_Data.product_attribute_application,Jinasena_KnownGood_Data.product_attribute_value_general_water_supply,1
productemplaattribline_id_389,1,10,Jinasena_KnownGood_Data.product_attribute_application,Jinasena_KnownGood_Data.product_attribute_value_general_water_supply,1
productemplaattribline_id_392,1,10,Jinasena_KnownGood_Data.product_attribute_application,Jinasena_KnownGood_Data.product_attribute_value_general_water_supply,1
productemplaattribline_id_395,1,10,Jinasena_KnownGood_Data.product_attribute_application,Jinasena_KnownGood_Data.product_attribute_value_agro_irrigation,1
productemplaattribline_id_396,1,10,Jinasena_KnownGood_Data.product_attribute_application,Jinasena_KnownGood_Data.product_attribute_value_general_water_supply,1
productemplaattribline_id_399,1,10,Jinasena_KnownGood_Data.product_attribute_application,Jinasena_KnownGood_Data.product_attribute_value_agro_irrigation,1
productemplaattribline_id_400,1,10,Jinasena_KnownGood_Data.product_attribute_application,Jinasena_KnownGood_Data.product_attribute_value_agro_irrigation,1
productemplaattribline_id_401,1,10,Jinasena_KnownGood_Data.product_attribute_application,Jinasena_KnownGood_Data.product_attribute_value_general_water_supply,1
productemplaattribline_id_404,1,10,Jinasena_KnownGood_Data.product_attribute_application,Jinasena_KnownGood_Data.product_attribute_value_agro_irrigation,1
productemplaattribline_id_405,1,10,Jinasena_KnownGood_Data.product_attribute_application,Jinasena_KnownGood_Data.product_attribute_value_general_water_supply,1
productemplaattribline_id_408,1,10,Jinasena_KnownGood_Data.product_attribute_application,Jinasena_KnownGood_Data.product_attribute_value_agro_irrigation,1
productemplaattribline_id_413,1,10,Jinasena_KnownGood_Data.product_attribute_application,Jinasena_KnownGood_Data.product_attribute_value_general_water_supply,1
productemplaattribline_id_416,1,10,Jinasena_KnownGood_Data.product_attribute_application,Jinasena_KnownGood_Data.product_attribute_value_agro_irrigation,1
productemplaattribline_id_417,1,10,Jinasena_KnownGood_Data.product_attribute_application,Jinasena_KnownGood_Data.product_attribute_value_general_water_supply,1
productemplaattribline_id_420,1,10,Jinasena_KnownGood_Data.product_attribute_application,Jinasena_KnownGood_Data.product_attribute_value_agro_irrigation,1
productemplaattribline_id_421,1,10,Jinasena_KnownGood_Data.product_attribute_application,Jinasena_KnownGood_Data.product_attribute_value_general_water_supply,1
productemplaattribline_id_424,1,10,Jinasena_KnownGood_Data.product_attribute_application,Jinasena_KnownGood_Data.product_attribute_value_agro_irrigation,1
productemplaattribline_id_429,1,10,Jinasena_KnownGood_Data.product_attribute_application,Jinasena_KnownGood_Data.product_attribute_value_general_water_supply,1
productemplaattribline_id_432,1,10,Jinasena_KnownGood_Data.product_attribute_application,Jinasena_KnownGood_Data.product_attribute_value_agro_irrigation,1
productemplaattribline_id_436,1,10,Jinasena_KnownGood_Data.product_attribute_application,Jinasena_KnownGood_Data.product_attribute_value_agro_irrigation,1
productemplaattribline_id_437,1,10,Jinasena_KnownGood_Data.product_attribute_application,Jinasena_KnownGood_Data.product_attribute_value_general_water_supply,1
productemplaattribline_id_440,1,10,Jinasena_KnownGood_Data.product_attribute_application,Jinasena_KnownGood_Data.product_attribute_value_agro_irrigation,1
productemplaattribline_id_443,1,10,Jinasena_KnownGood_Data.product_attribute_application,Jinasena_KnownGood_Data.product_attribute_value_fire_fighting,1
productemplaattribline_id_444,1,10,Jinasena_KnownGood_Data.product_attribute_application,Jinasena_KnownGood_Data.product_attribute_value_general_water_supply,1
productemplaattribline_id_447,1,10,Jinasena_KnownGood_Data.product_attribute_application,Jinasena_KnownGood_Data.product_attribute_value_agro_irrigation,1
productemplaattribline_id_448,1,10,Jinasena_KnownGood_Data.product_attribute_application,Jinasena_KnownGood_Data.product_attribute_value_general_water_supply,1
productemplaattribline_id_451,1,10,Jinasena_KnownGood_Data.product_attribute_application,Jinasena_KnownGood_Data.product_attribute_value_agro_irrigation,1
productemplaattribline_id_485,1,10,Jinasena_KnownGood_Data.product_attribute_application,Jinasena_KnownGood_Data.product_attribute_value_swimming_pool_water_circulation,1
productemplaattribline_id_486,1,10,Jinasena_KnownGood_Data.product_attribute_application,Jinasena_KnownGood_Data.product_attribute_value_cooling_tower,1
productemplaattribline_id_488,1,10,Jinasena_KnownGood_Data.product_attribute_application,Jinasena_KnownGood_Data.product_attribute_value_fire_fighting,1
productemplaattribline_id_489,1,10,Jinasena_KnownGood_Data.product_attribute_application,Jinasena_KnownGood_Data.product_attribute_value_general_water_supply,1
productemplaattribline_id_497,1,10,Jinasena_KnownGood_Data.product_attribute_application,Jinasena_KnownGood_Data.product_attribute_value_swimming_pool_water_circulation,1
productemplaattribline_id_498,1,10,Jinasena_KnownGood_Data.product_attribute_application,Jinasena_KnownGood_Data.product_attribute_value_cooling_tower,1
productemplaattribline_id_500,1,10,Jinasena_KnownGood_Data.product_attribute_application,Jinasena_KnownGood_Data.product_attribute_value_fire_fighting,1
productemplaattribline_id_501,1,10,Jinasena_KnownGood_Data.product_attribute_application,Jinasena_KnownGood_Data.product_attribute_value_general_water_supply,1
productemplaattribline_id_503,1,10,Jinasena_KnownGood_Data.product_attribute_application,Jinasena_KnownGood_Data.product_attribute_value_swimming_pool_water_circulation,1
productemplaattribline_id_504,1,10,Jinasena_KnownGood_Data.product_attribute_application,Jinasena_KnownGood_Data.product_attribute_value_cooling_tower,1
productemplaattribline_id_506,1,10,Jinasena_KnownGood_Data.product_attribute_application,Jinasena_KnownGood_Data.product_attribute_value_fire_fighting,1
productemplaattribline_id_507,1,10,Jinasena_KnownGood_Data.product_attribute_application,Jinasena_KnownGood_Data.product_attribute_value_general_water_supply,1
productemplaattribline_id_509,1,10,Jinasena_KnownGood_Data.product_attribute_application,Jinasena_KnownGood_Data.product_attribute_value_swimming_pool_water_circulation,1
productemplaattribline_id_510,1,10,Jinasena_KnownGood_Data.product_attribute_application,Jinasena_KnownGood_Data.product_attribute_value_cooling_tower,1
productemplaattribline_id_512,1,10,Jinasena_KnownGood_Data.product_attribute_application,Jinasena_KnownGood_Data.product_attribute_value_fire_fighting,1
productemplaattribline_id_513,1,10,Jinasena_KnownGood_Data.product_attribute_application,Jinasena_KnownGood_Data.product_attribute_value_general_water_supply,1
productemplaattribline_id_515,1,10,Jinasena_KnownGood_Data.product_attribute_application,Jinasena_KnownGood_Data.product_attribute_value_swimming_pool_water_circulation,1
productemplaattribline_id_516,1,10,Jinasena_KnownGood_Data.product_attribute_application,Jinasena_KnownGood_Data.product_attribute_value_cooling_tower,1
productemplaattribline_id_518,1,10,Jinasena_KnownGood_Data.product_attribute_application,Jinasena_KnownGood_Data.product_attribute_value_fire_fighting,1
productemplaattribline_id_519,1,10,Jinasena_KnownGood_Data.product_attribute_application,Jinasena_KnownGood_Data.product_attribute_value_general_water_supply,1
productemplaattribline_id_521,1,10,Jinasena_KnownGood_Data.product_attribute_application,Jinasena_KnownGood_Data.product_attribute_value_swimming_pool_water_circulation,1
productemplaattribline_id_522,1,10,Jinasena_KnownGood_Data.product_attribute_application,Jinasena_KnownGood_Data.product_attribute_value_cooling_tower,1
productemplaattribline_id_524,1,10,Jinasena_KnownGood_Data.product_attribute_application,Jinasena_KnownGood_Data.product_attribute_value_fire_fighting,1
productemplaattribline_id_525,1,10,Jinasena_KnownGood_Data.product_attribute_application,Jinasena_KnownGood_Data.product_attribute_value_general_water_supply,1
productemplaattribline_id_527,1,10,Jinasena_KnownGood_Data.product_attribute_application,Jinasena_KnownGood_Data.product_attribute_value_swimming_pool_water_circulation,1
productemplaattribline_id_528,1,10,Jinasena_KnownGood_Data.product_attribute_application,Jinasena_KnownGood_Data.product_attribute_value_cooling_tower,1
productemplaattribline_id_530,1,10,Jinasena_KnownGood_Data.product_attribute_application,Jinasena_KnownGood_Data.product_attribute_value_fire_fighting,1
productemplaattribline_id_531,1,10,Jinasena_KnownGood_Data.product_attribute_application,Jinasena_KnownGood_Data.product_attribute_value_general_water_supply,1
productemplaattribline_id_533,1,10,Jinasena_KnownGood_Data.product_attribute_application,Jinasena_KnownGood_Data.product_attribute_value_swimming_pool_water_circulation,1
productemplaattribline_id_534,1,10,Jinasena_KnownGood_Data.product_attribute_application,Jinasena_KnownGood_Data.product_attribute_value_cooling_tower,1
productemplaattribline_id_536,1,10,Jinasena_KnownGood_Data.product_attribute_application,Jinasena_KnownGood_Data.product_attribute_value_fire_fighting,1
productemplaattribline_id_537,1,10,Jinasena_KnownGood_Data.product_attribute_application,Jinasena_KnownGood_Data.product_attribute_value_general_water_supply,1
productemplaattribline_id_544,1,10,Jinasena_KnownGood_Data.product_attribute_application,Jinasena_KnownGood_Data.product_attribute_value_flood_control,1
productemplaattribline_id_575,1,10,Jinasena_KnownGood_Data.product_attribute_application,Jinasena_KnownGood_Data.product_attribute_value_swimming_pool_water_circulation,1
productemplaattribline_id_576,1,10,Jinasena_KnownGood_Data.product_attribute_application,Jinasena_KnownGood_Data.product_attribute_value_cooling_tower,1
productemplaattribline_id_578,1,10,Jinasena_KnownGood_Data.product_attribute_application,Jinasena_KnownGood_Data.product_attribute_value_fire_fighting,1
productemplaattribline_id_580,1,10,Jinasena_KnownGood_Data.product_attribute_application,Jinasena_KnownGood_Data.product_attribute_value_flood_control,1
productemplaattribline_id_581,1,10,Jinasena_KnownGood_Data.product_attribute_application,Jinasena_KnownGood_Data.product_attribute_value_high_head_water_supply,1
productemplaattribline_id_583,1,10,Jinasena_KnownGood_Data.product_attribute_application,Jinasena_KnownGood_Data.product_attribute_value_swimming_pool_water_circulation,1
productemplaattribline_id_584,1,10,Jinasena_KnownGood_Data.product_attribute_application,Jinasena_KnownGood_Data.product_attribute_value_cooling_tower,1
productemplaattribline_id_586,1,10,Jinasena_KnownGood_Data.product_attribute_application,Jinasena_KnownGood_Data.product_attribute_value_fire_fighting,1
productemplaattribline_id_587,1,10,Jinasena_KnownGood_Data.product_attribute_application,Jinasena_KnownGood_Data.product_attribute_value_flood_control,1
productemplaattribline_id_588,1,10,Jinasena_KnownGood_Data.product_attribute_application,Jinasena_KnownGood_Data.product_attribute_value_high_head_water_supply,1
productemplaattribline_id_590,1,10,Jinasena_KnownGood_Data.product_attribute_application,Jinasena_KnownGood_Data.product_attribute_value_swimming_pool_water_circulation,1
productemplaattribline_id_591,1,10,Jinasena_KnownGood_Data.product_attribute_application,Jinasena_KnownGood_Data.product_attribute_value_cooling_tower,1
productemplaattribline_id_593,1,10,Jinasena_KnownGood_Data.product_attribute_application,Jinasena_KnownGood_Data.product_attribute_value_fire_fighting,1
productemplaattribline_id_594,1,10,Jinasena_KnownGood_Data.product_attribute_application,Jinasena_KnownGood_Data.product_attribute_value_flood_control,1
productemplaattribline_id_595,1,10,Jinasena_KnownGood_Data.product_attribute_application,Jinasena_KnownGood_Data.product_attribute_value_high_head_water_supply,1
productemplaattribline_id_597,1,10,Jinasena_KnownGood_Data.product_attribute_application,Jinasena_KnownGood_Data.product_attribute_value_swimming_pool_water_circulation,1
productemplaattribline_id_598,1,10,Jinasena_KnownGood_Data.product_attribute_application,Jinasena_KnownGood_Data.product_attribute_value_cooling_tower,1
productemplaattribline_id_600,1,10,Jinasena_KnownGood_Data.product_attribute_application,Jinasena_KnownGood_Data.product_attribute_value_fire_fighting,1
productemplaattribline_id_601,1,10,Jinasena_KnownGood_Data.product_attribute_application,Jinasena_KnownGood_Data.product_attribute_value_flood_control,1
productemplaattribline_id_602,1,10,Jinasena_KnownGood_Data.product_attribute_application,Jinasena_KnownGood_Data.product_attribute_value_high_head_water_supply,1
productemplaattribline_id_612,1,10,Jinasena_KnownGood_Data.product_attribute_application,Jinasena_KnownGood_Data.product_attribute_value_cooling_tower,1
productemplaattribline_id_614,1,10,Jinasena_KnownGood_Data.product_attribute_application,Jinasena_KnownGood_Data.product_attribute_value_fire_fighting,1
productemplaattribline_id_615,1,10,Jinasena_KnownGood_Data.product_attribute_application,Jinasena_KnownGood_Data.product_attribute_value_flood_control,1
productemplaattribline_id_616,1,10,Jinasena_KnownGood_Data.product_attribute_application,Jinasena_KnownGood_Data.product_attribute_value_high_head_water_supply,1
productemplaattribline_id_618,1,10,Jinasena_KnownGood_Data.product_attribute_application,Jinasena_KnownGood_Data.product_attribute_value_cooling_tower,1
productemplaattribline_id_620,1,10,Jinasena_KnownGood_Data.product_attribute_application,Jinasena_KnownGood_Data.product_attribute_value_fire_fighting,1
productemplaattribline_id_621,1,10,Jinasena_KnownGood_Data.product_attribute_application,Jinasena_KnownGood_Data.product_attribute_value_flood_control,1
productemplaattribline_id_622,1,10,Jinasena_KnownGood_Data.product_attribute_application,Jinasena_KnownGood_Data.product_attribute_value_high_head_water_supply,1
productemplaattribline_id_624,1,10,Jinasena_KnownGood_Data.product_attribute_application,Jinasena_KnownGood_Data.product_attribute_value_cooling_tower,1
productemplaattribline_id_626,1,10,Jinasena_KnownGood_Data.product_attribute_application,Jinasena_KnownGood_Data.product_attribute_value_fire_fighting,1
productemplaattribline_id_627,1,10,Jinasena_KnownGood_Data.product_attribute_application,Jinasena_KnownGood_Data.product_attribute_value_flood_control,1
productemplaattribline_id_629,1,10,Jinasena_KnownGood_Data.product_attribute_application,Jinasena_KnownGood_Data.product_attribute_value_high_head_water_supply,1
productemplaattribline_id_630,1,10,Jinasena_KnownGood_Data.product_attribute_application,Jinasena_KnownGood_Data.product_attribute_value_lift_irrigation,1
productemplaattribline_id_631,1,10,Jinasena_KnownGood_Data.product_attribute_application,Jinasena_KnownGood_Data.product_attribute_value_sprinkler_pop_ups_rain_gun,1
productemplaattribline_id_641,1,10,Jinasena_KnownGood_Data.product_attribute_application,Jinasena_KnownGood_Data.product_attribute_value_cooling_tower,1
productemplaattribline_id_643,1,10,Jinasena_KnownGood_Data.product_attribute_application,Jinasena_KnownGood_Data.product_attribute_value_fire_fighting,1
productemplaattribline_id_644,1,10,Jinasena_KnownGood_Data.product_attribute_application,Jinasena_KnownGood_Data.product_attribute_value_flood_control,1
productemplaattribline_id_645,1,10,Jinasena_KnownGood_Data.product_attribute_application,Jinasena_KnownGood_Data.product_attribute_value_high_head_water_supply,1
productemplaattribline_id_646,1,10,Jinasena_KnownGood_Data.product_attribute_application,Jinasena_KnownGood_Data.product_attribute_value_lift_irrigation,1
productemplaattribline_id_647,1,10,Jinasena_KnownGood_Data.product_attribute_application,Jinasena_KnownGood_Data.product_attribute_value_sprinkler_pop_ups_rain_gun,1
productemplaattribline_id_649,1,10,Jinasena_KnownGood_Data.product_attribute_application,Jinasena_KnownGood_Data.product_attribute_value_cooling_tower,1
productemplaattribline_id_651,1,10,Jinasena_KnownGood_Data.product_attribute_application,Jinasena_KnownGood_Data.product_attribute_value_fire_fighting,1
productemplaattribline_id_652,1,10,Jinasena_KnownGood_Data.product_attribute_application,Jinasena_KnownGood_Data.product_attribute_value_flood_control,1
productemplaattribline_id_653,1,10,Jinasena_KnownGood_Data.product_attribute_application,Jinasena_KnownGood_Data.product_attribute_value_high_head_water_supply,1
productemplaattribline_id_654,1,10,Jinasena_KnownGood_Data.product_attribute_application,Jinasena_KnownGood_Data.product_attribute_value_lift_irrigation,1
productemplaattribline_id_655,1,10,Jinasena_KnownGood_Data.product_attribute_application,Jinasena_KnownGood_Data.product_attribute_value_sprinkler_pop_ups_rain_gun,1
productemplaattribline_id_673,1,10,Jinasena_KnownGood_Data.product_attribute_application,Jinasena_KnownGood_Data.product_attribute_value_fire_fighting,1
productemplaattribline_id_674,1,10,Jinasena_KnownGood_Data.product_attribute_application,Jinasena_KnownGood_Data.product_attribute_value_flood_control,1
productemplaattribline_id_676,1,10,Jinasena_KnownGood_Data.product_attribute_application,Jinasena_KnownGood_Data.product_attribute_value_lift_irrigation,1
productemplaattribline_id_677,1,10,Jinasena_KnownGood_Data.product_attribute_application,Jinasena_KnownGood_Data.product_attribute_value_sprinkler_pop_ups_rain_gun,1
productemplaattribline_id_678,1,10,Jinasena_KnownGood_Data.product_attribute_application,Jinasena_KnownGood_Data.product_attribute_value_general_water_supply,1
productemplaattribline_id_680,1,10,Jinasena_KnownGood_Data.product_attribute_application,Jinasena_KnownGood_Data.product_attribute_value_fire_fighting,1
productemplaattribline_id_681,1,10,Jinasena_KnownGood_Data.product_attribute_application,Jinasena_KnownGood_Data.product_attribute_value_flood_control,1
productemplaattribline_id_682,1,10,Jinasena_KnownGood_Data.product_attribute_application,Jinasena_KnownGood_Data.product_attribute_value_lift_irrigation,1
productemplaattribline_id_683,1,10,Jinasena_KnownGood_Data.product_attribute_application,Jinasena_KnownGood_Data.product_attribute_value_sprinkler_pop_ups_rain_gun,1
productemplaattribline_id_684,1,10,Jinasena_KnownGood_Data.product_attribute_application,Jinasena_KnownGood_Data.product_attribute_value_general_water_supply,1
productemplaattribline_id_686,1,10,Jinasena_KnownGood_Data.product_attribute_application,Jinasena_KnownGood_Data.product_attribute_value_fire_fighting,1
productemplaattribline_id_687,1,10,Jinasena_KnownGood_Data.product_attribute_application,Jinasena_KnownGood_Data.product_attribute_value_flood_control,1
productemplaattribline_id_688,1,10,Jinasena_KnownGood_Data.product_attribute_application,Jinasena_KnownGood_Data.product_attribute_value_lift_irrigation,1
productemplaattribline_id_689,1,10,Jinasena_KnownGood_Data.product_attribute_application,Jinasena_KnownGood_Data.product_attribute_value_sprinkler_pop_ups_rain_gun,1
productemplaattribline_id_690,1,10,Jinasena_KnownGood_Data.product_attribute_application,Jinasena_KnownGood_Data.product_attribute_value_general_water_supply,1
productemplaattribline_id_692,1,10,Jinasena_KnownGood_Data.product_attribute_application,Jinasena_KnownGood_Data.product_attribute_value_fire_fighting,1
productemplaattribline_id_693,1,10,Jinasena_KnownGood_Data.product_attribute_application,Jinasena_KnownGood_Data.product_attribute_value_flood_control,1
productemplaattribline_id_694,1,10,Jinasena_KnownGood_Data.product_attribute_application,Jinasena_KnownGood_Data.product_attribute_value_lift_irrigation,1
productemplaattribline_id_695,1,10,Jinasena_KnownGood_Data.product_attribute_application,Jinasena_KnownGood_Data.product_attribute_value_sprinkler_pop_ups_rain_gun,1
productemplaattribline_id_696,1,10,Jinasena_KnownGood_Data.product_attribute_application,Jinasena_KnownGood_Data.product_attribute_value_general_water_supply,1
productemplaattribline_id_707,1,10,Jinasena_KnownGood_Data.product_attribute_application,Jinasena_KnownGood_Data.product_attribute_value_cooling_tower,1
productemplaattribline_id_712,1,10,Jinasena_KnownGood_Data.product_attribute_application,Jinasena_KnownGood_Data.product_attribute_value_lift_irrigation,1
productemplaattribline_id_713,1,10,Jinasena_KnownGood_Data.product_attribute_application,Jinasena_KnownGood_Data.product_attribute_value_sprinkler_pop_ups_rain_gun,1
productemplaattribline_id_714,1,10,Jinasena_KnownGood_Data.product_attribute_application,Jinasena_KnownGood_Data.product_attribute_value_high_pressure,1
productemplaattribline_id_715,1,10,Jinasena_KnownGood_Data.product_attribute_application,Jinasena_KnownGood_Data.product_attribute_value_chilled_water_circulation,1
productemplaattribline_id_718,1,10,Jinasena_KnownGood_Data.product_attribute_application,Jinasena_KnownGood_Data.product_attribute_value_cooling_tower,1
productemplaattribline_id_719,1,10,Jinasena_KnownGood_Data.product_attribute_application,Jinasena_KnownGood_Data.product_attribute_value_lift_irrigation,1
productemplaattribline_id_720,1,10,Jinasena_KnownGood_Data.product_attribute_application,Jinasena_KnownGood_Data.product_attribute_value_sprinkler_pop_ups_rain_gun,1
productemplaattribline_id_721,1,10,Jinasena_KnownGood_Data.product_attribute_application,Jinasena_KnownGood_Data.product_attribute_value_high_pressure,1
productemplaattribline_id_722,1,10,Jinasena_KnownGood_Data.product_attribute_application,Jinasena_KnownGood_Data.product_attribute_value_chilled_water_circulation,1
productemplaattribline_id_725,1,10,Jinasena_KnownGood_Data.product_attribute_application,Jinasena_KnownGood_Data.product_attribute_value_cooling_tower,1
productemplaattribline_id_726,1,10,Jinasena_KnownGood_Data.product_attribute_application,Jinasena_KnownGood_Data.product_attribute_value_lift_irrigation,1
productemplaattribline_id_727,1,10,Jinasena_KnownGood_Data.product_attribute_application,Jinasena_KnownGood_Data.product_attribute_value_sprinkler_pop_ups_rain_gun,1
productemplaattribline_id_729,1,10,Jinasena_KnownGood_Data.product_attribute_application,Jinasena_KnownGood_Data.product_attribute_value_chilled_water_circulation,1
productemplaattribline_id_731,1,10,Jinasena_KnownGood_Data.product_attribute_application,Jinasena_KnownGood_Data.product_attribute_value_hvac,1
productemplaattribline_id_732,1,10,Jinasena_KnownGood_Data.product_attribute_application,Jinasena_KnownGood_Data.product_attribute_value_filter_feed,1
productemplaattribline_id_734,1,10,Jinasena_KnownGood_Data.product_attribute_application,Jinasena_KnownGood_Data.product_attribute_value_cooling_tower,1
productemplaattribline_id_735,1,10,Jinasena_KnownGood_Data.product_attribute_application,Jinasena_KnownGood_Data.product_attribute_value_lift_irrigation,1
productemplaattribline_id_736,1,10,Jinasena_KnownGood_Data.product_attribute_application,Jinasena_KnownGood_Data.product_attribute_value_sprinkler_pop_ups_rain_gun,1
productemplaattribline_id_737,1,10,Jinasena_KnownGood_Data.product_attribute_application,Jinasena_KnownGood_Data.product_attribute_value_chilled_water_circulation,1
productemplaattribline_id_739,1,10,Jinasena_KnownGood_Data.product_attribute_application,Jinasena_KnownGood_Data.product_attribute_value_hvac,1
productemplaattribline_id_740,1,10,Jinasena_KnownGood_Data.product_attribute_application,Jinasena_KnownGood_Data.product_attribute_value_filter_feed,1
productemplaattribline_id_741,1,10,Jinasena_KnownGood_Data.product_attribute_application,Jinasena_KnownGood_Data.product_attribute_value_fire_fighting,1
productemplaattribline_id_742,1,10,Jinasena_KnownGood_Data.product_attribute_application,Jinasena_KnownGood_Data.product_attribute_value_swimming_pool_water_circulation,1
productemplaattribline_id_745,1,10,Jinasena_KnownGood_Data.product_attribute_application,Jinasena_KnownGood_Data.product_attribute_value_general_water_supply,1
productemplaattribline_id_750,1,10,Jinasena_KnownGood_Data.product_attribute_application,Jinasena_KnownGood_Data.product_attribute_value_agro_irrigation,1
productemplaattribline_id_753,1,10,Jinasena_KnownGood_Data.product_attribute_application,Jinasena_KnownGood_Data.product_attribute_value_agro_irrigation,1
productemplaattribline_id_755,1,10,Jinasena_KnownGood_Data.product_attribute_application,Jinasena_KnownGood_Data.product_attribute_value_agro_irrigation,1
productemplaattribline_id_757,1,10,Jinasena_KnownGood_Data.product_attribute_application,Jinasena_KnownGood_Data.product_attribute_value_general_water_supply,1
productemplaattribline_id_913,1,10,Jinasena_KnownGood_Data.product_attribute_application,Jinasena_KnownGood_Data.product_attribute_value_home_water_supply,1
productemplaattribline_id_920,1,10,Jinasena_KnownGood_Data.product_attribute_application,Jinasena_KnownGood_Data.product_attribute_value_home_water_supply,1
productemplaattribline_id_922,1,10,Jinasena_KnownGood_Data.product_attribute_application,Jinasena_KnownGood_Data.product_attribute_value_high_pressure,1
productemplaattribline_id_926,1,10,Jinasena_KnownGood_Data.product_attribute_application,Jinasena_KnownGood_Data.product_attribute_value_home_water_supply,1
productemplaattribline_id_928,1,10,Jinasena_KnownGood_Data.product_attribute_application,Jinasena_KnownGood_Data.product_attribute_value_high_pressure,1
productemplaattribline_id_932,1,10,Jinasena_KnownGood_Data.product_attribute_application,Jinasena_KnownGood_Data.product_attribute_value_home_water_supply,1
productemplaattribline_id_937,1,10,Jinasena_KnownGood_Data.product_attribute_application,Jinasena_KnownGood_Data.product_attribute_value_home_water_supply,1
productemplaattribline_id_257,1,10,Jinasena_KnownGood_Data.product_attribute_phase,Jinasena_KnownGood_Data.product_attribute_value_3_phase,1
productemplaattribline_id_262,1,10,Jinasena_KnownGood_Data.product_attribute_phase,Jinasena_KnownGood_Data.product_attribute_value_3_phase,1
productemplaattribline_id_266,1,10,Jinasena_KnownGood_Data.product_attribute_phase,Jinasena_KnownGood_Data.product_attribute_value_3_phase,1
productemplaattribline_id_271,1,10,Jinasena_KnownGood_Data.product_attribute_phase,Jinasena_KnownGood_Data.product_attribute_value_3_phase,1
productemplaattribline_id_275,1,10,Jinasena_KnownGood_Data.product_attribute_phase,Jinasena_KnownGood_Data.product_attribute_value_3_phase,1
productemplaattribline_id_280,1,10,Jinasena_KnownGood_Data.product_attribute_phase,Jinasena_KnownGood_Data.product_attribute_value_1_phase,1
productemplaattribline_id_282,1,10,Jinasena_KnownGood_Data.product_attribute_phase,Jinasena_KnownGood_Data.product_attribute_value_1_phase,1
productemplaattribline_id_284,1,10,Jinasena_KnownGood_Data.product_attribute_phase,Jinasena_KnownGood_Data.product_attribute_value_1_phase,1
productemplaattribline_id_286,1,10,Jinasena_KnownGood_Data.product_attribute_phase,Jinasena_KnownGood_Data.product_attribute_value_1_phase,1
productemplaattribline_id_292,1,10,Jinasena_KnownGood_Data.product_attribute_phase,Jinasena_KnownGood_Data.product_attribute_value_1_phase,1
productemplaattribline_id_294,1,10,Jinasena_KnownGood_Data.product_attribute_phase,Jinasena_KnownGood_Data.product_attribute_value_1_phase,1
productemplaattribline_id_296,1,10,Jinasena_KnownGood_Data.product_attribute_phase,Jinasena_KnownGood_Data.product_attribute_value_1_phase,1
productemplaattribline_id_298,1,10,Jinasena_KnownGood_Data.product_attribute_phase,Jinasena_KnownGood_Data.product_attribute_value_1_phase,1
productemplaattribline_id_312,1,10,Jinasena_KnownGood_Data.product_attribute_phase,Jinasena_KnownGood_Data.product_attribute_value_1_phase,1
productemplaattribline_id_314,1,10,Jinasena_KnownGood_Data.product_attribute_phase,Jinasena_KnownGood_Data.product_attribute_value_1_phase,1
productemplaattribline_id_316,1,10,Jinasena_KnownGood_Data.product_attribute_phase,Jinasena_KnownGood_Data.product_attribute_value_1_phase,1
productemplaattribline_id_327,1,10,Jinasena_KnownGood_Data.product_attribute_phase,Jinasena_KnownGood_Data.product_attribute_value_1_phase,1
productemplaattribline_id_335,1,10,Jinasena_KnownGood_Data.product_attribute_phase,Jinasena_KnownGood_Data.product_attribute_value_1_phase,1
productemplaattribline_id_348,1,10,Jinasena_KnownGood_Data.product_attribute_phase,Jinasena_KnownGood_Data.product_attribute_value_1_phase,1
productemplaattribline_id_351,1,10,Jinasena_KnownGood_Data.product_attribute_phase,Jinasena_KnownGood_Data.product_attribute_value_1_phase,1
productemplaattribline_id_357,1,10,Jinasena_KnownGood_Data.product_attribute_phase,Jinasena_KnownGood_Data.product_attribute_value_3_phase,1
productemplaattribline_id_361,1,10,Jinasena_KnownGood_Data.product_attribute_phase,Jinasena_KnownGood_Data.product_attribute_value_3_phase,1
productemplaattribline_id_370,1,10,Jinasena_KnownGood_Data.product_attribute_phase,Jinasena_KnownGood_Data.product_attribute_value_1_phase,1
productemplaattribline_id_384,1,10,Jinasena_KnownGood_Data.product_attribute_phase,Jinasena_KnownGood_Data.product_attribute_value_1_phase,1
productemplaattribline_id_387,1,10,Jinasena_KnownGood_Data.product_attribute_phase,Jinasena_KnownGood_Data.product_attribute_value_1_phase,1
productemplaattribline_id_390,1,10,Jinasena_KnownGood_Data.product_attribute_phase,Jinasena_KnownGood_Data.product_attribute_value_1_phase,1
productemplaattribline_id_393,1,10,Jinasena_KnownGood_Data.product_attribute_phase,Jinasena_KnownGood_Data.product_attribute_value_1_phase,1
productemplaattribline_id_397,1,10,Jinasena_KnownGood_Data.product_attribute_phase,Jinasena_KnownGood_Data.product_attribute_value_1_phase,1
productemplaattribline_id_402,1,10,Jinasena_KnownGood_Data.product_attribute_phase,Jinasena_KnownGood_Data.product_attribute_value_1_phase,1
productemplaattribline_id_406,1,10,Jinasena_KnownGood_Data.product_attribute_phase,Jinasena_KnownGood_Data.product_attribute_value_3_phase,1
productemplaattribline_id_414,1,10,Jinasena_KnownGood_Data.product_attribute_phase,Jinasena_KnownGood_Data.product_attribute_value_3_phase,1
productemplaattribline_id_418,1,10,Jinasena_KnownGood_Data.product_attribute_phase,Jinasena_KnownGood_Data.product_attribute_value_3_phase,1
productemplaattribline_id_422,1,10,Jinasena_KnownGood_Data.product_attribute_phase,Jinasena_KnownGood_Data.product_attribute_value_3_phase,1
productemplaattribline_id_430,1,10,Jinasena_KnownGood_Data.product_attribute_phase,Jinasena_KnownGood_Data.product_attribute_value_3_phase,1
productemplaattribline_id_434,1,10,Jinasena_KnownGood_Data.product_attribute_phase,Jinasena_KnownGood_Data.product_attribute_value_3_phase,1
productemplaattribline_id_438,1,10,Jinasena_KnownGood_Data.product_attribute_phase,Jinasena_KnownGood_Data.product_attribute_value_3_phase,1
productemplaattribline_id_445,1,10,Jinasena_KnownGood_Data.product_attribute_phase,Jinasena_KnownGood_Data.product_attribute_value_3_phase,1
productemplaattribline_id_449,1,10,Jinasena_KnownGood_Data.product_attribute_phase,Jinasena_KnownGood_Data.product_attribute_value_3_phase,1
productemplaattribline_id_484,1,10,Jinasena_KnownGood_Data.product_attribute_phase,Jinasena_KnownGood_Data.product_attribute_value_3_phase,1
productemplaattribline_id_496,1,10,Jinasena_KnownGood_Data.product_attribute_phase,Jinasena_KnownGood_Data.product_attribute_value_3_phase,1
productemplaattribline_id_502,1,10,Jinasena_KnownGood_Data.product_attribute_phase,Jinasena_KnownGood_Data.product_attribute_value_3_phase,1
productemplaattribline_id_508,1,10,Jinasena_KnownGood_Data.product_attribute_phase,Jinasena_KnownGood_Data.product_attribute_value_3_phase,1
productemplaattribline_id_514,1,10,Jinasena_KnownGood_Data.product_attribute_phase,Jinasena_KnownGood_Data.product_attribute_value_3_phase,1
productemplaattribline_id_520,1,10,Jinasena_KnownGood_Data.product_attribute_phase,Jinasena_KnownGood_Data.product_attribute_value_3_phase,1
productemplaattribline_id_526,1,10,Jinasena_KnownGood_Data.product_attribute_phase,Jinasena_KnownGood_Data.product_attribute_value_3_phase,1
productemplaattribline_id_532,1,10,Jinasena_KnownGood_Data.product_attribute_phase,Jinasena_KnownGood_Data.product_attribute_value_3_phase,1
productemplaattribline_id_574,1,10,Jinasena_KnownGood_Data.product_attribute_phase,Jinasena_KnownGood_Data.product_attribute_value_3_phase,1
productemplaattribline_id_582,1,10,Jinasena_KnownGood_Data.product_attribute_phase,Jinasena_KnownGood_Data.product_attribute_value_3_phase,1
productemplaattribline_id_589,1,10,Jinasena_KnownGood_Data.product_attribute_phase,Jinasena_KnownGood_Data.product_attribute_value_3_phase,1
productemplaattribline_id_596,1,10,Jinasena_KnownGood_Data.product_attribute_phase,Jinasena_KnownGood_Data.product_attribute_value_3_phase,1
productemplaattribline_id_610,1,10,Jinasena_KnownGood_Data.product_attribute_phase,Jinasena_KnownGood_Data.product_attribute_value_3_phase,1
productemplaattribline_id_617,1,10,Jinasena_KnownGood_Data.product_attribute_phase,Jinasena_KnownGood_Data.product_attribute_value_3_phase,1
productemplaattribline_id_623,1,10,Jinasena_KnownGood_Data.product_attribute_phase,Jinasena_KnownGood_Data.product_attribute_value_3_phase,1
productemplaattribline_id_640,1,10,Jinasena_KnownGood_Data.product_attribute_phase,Jinasena_KnownGood_Data.product_attribute_value_3_phase,1
productemplaattribline_id_648,1,10,Jinasena_KnownGood_Data.product_attribute_phase,Jinasena_KnownGood_Data.product_attribute_value_3_phase,1
productemplaattribline_id_670,1,10,Jinasena_KnownGood_Data.product_attribute_phase,Jinasena_KnownGood_Data.product_attribute_value_3_phase,1
productemplaattribline_id_679,1,10,Jinasena_KnownGood_Data.product_attribute_phase,Jinasena_KnownGood_Data.product_attribute_value_3_phase,1
productemplaattribline_id_685,1,10,Jinasena_KnownGood_Data.product_attribute_phase,Jinasena_KnownGood_Data.product_attribute_value_3_phase,1
productemplaattribline_id_691,1,10,Jinasena_KnownGood_Data.product_attribute_phase,Jinasena_KnownGood_Data.product_attribute_value_3_phase,1
productemplaattribline_id_706,1,10,Jinasena_KnownGood_Data.product_attribute_phase,Jinasena_KnownGood_Data.product_attribute_value_3_phase,1
productemplaattribline_id_717,1,10,Jinasena_KnownGood_Data.product_attribute_phase,Jinasena_KnownGood_Data.product_attribute_value_3_phase,1
productemplaattribline_id_724,1,10,Jinasena_KnownGood_Data.product_attribute_phase,Jinasena_KnownGood_Data.product_attribute_value_3_phase,1
productemplaattribline_id_733,1,10,Jinasena_KnownGood_Data.product_attribute_phase,Jinasena_KnownGood_Data.product_attribute_value_3_phase,1
productemplaattribline_id_746,1,10,Jinasena_KnownGood_Data.product_attribute_phase,Jinasena_KnownGood_Data.product_attribute_value_3_phase,1
productemplaattribline_id_749,1,10,Jinasena_KnownGood_Data.product_attribute_phase,Jinasena_KnownGood_Data.product_attribute_value_3_phase,1
productemplaattribline_id_752,1,10,Jinasena_KnownGood_Data.product_attribute_phase,Jinasena_KnownGood_Data.product_attribute_value_1_phase,1
productemplaattribline_id_754,1,10,Jinasena_KnownGood_Data.product_attribute_phase,Jinasena_KnownGood_Data.product_attribute_value_3_phase,1
productemplaattribline_id_756,1,10,Jinasena_KnownGood_Data.product_attribute_phase,Jinasena_KnownGood_Data.product_attribute_value_1_phase,1
productemplaattribline_id_758,1,10,Jinasena_KnownGood_Data.product_attribute_phase,Jinasena_KnownGood_Data.product_attribute_value_1_phase,1
productemplaattribline_id_759,1,10,Jinasena_KnownGood_Data.product_attribute_phase,Jinasena_KnownGood_Data.product_attribute_value_3_phase,1
productemplaattribline_id_921,1,10,Jinasena_KnownGood_Data.product_attribute_phase,Jinasena_KnownGood_Data.product_attribute_value_1_phase,1
productemplaattribline_id_927,1,10,Jinasena_KnownGood_Data.product_attribute_phase,Jinasena_KnownGood_Data.product_attribute_value_1_phase,1
productemplaattribline_id_933,1,10,Jinasena_KnownGood_Data.product_attribute_phase,Jinasena_KnownGood_Data.product_attribute_value_1_phase,1
productemplaattribline_id_938,1,10,Jinasena_KnownGood_Data.product_attribute_phase,Jinasena_KnownGood_Data.product_attribute_value_1_phase,1
productemplaattribline_id_345,1,10,Jinasena_KnownGood_Data.product_attribute_inlet_x_outlet,Jinasena_KnownGood_Data.product_attribute_value_1_1_2_x_1_1_4,1
productemplaattribline_id_349,1,10,Jinasena_KnownGood_Data.product_attribute_inlet_x_outlet,Jinasena_KnownGood_Data.product_attribute_value_1_1_2_x_1_1_4,1
productemplaattribline_id_352,1,10,Jinasena_KnownGood_Data.product_attribute_inlet_x_outlet,Jinasena_KnownGood_Data.product_attribute_value_1_1_2_x_1_1_4,1
productemplaattribline_id_358,1,10,Jinasena_KnownGood_Data.product_attribute_inlet_x_outlet,Jinasena_KnownGood_Data.product_attribute_value_1_1_2_x_1_1_4,1
productemplaattribline_id_362,1,10,Jinasena_KnownGood_Data.product_attribute_inlet_x_outlet,Jinasena_KnownGood_Data.product_attribute_value_1_1_2_x_1_1_4,1
productemplaattribline_id_371,1,10,Jinasena_KnownGood_Data.product_attribute_inlet_x_outlet,Jinasena_KnownGood_Data.product_attribute_value_1_1_2_x_1_1_2,1
productemplaattribline_id_376,1,10,Jinasena_KnownGood_Data.product_attribute_inlet_x_outlet,Jinasena_KnownGood_Data.product_attribute_value_3_x_3,1
productemplaattribline_id_377,1,10,Jinasena_KnownGood_Data.product_attribute_inlet_x_outlet,Jinasena_KnownGood_Data.product_attribute_value_3_x_3,1
productemplaattribline_id_379,1,10,Jinasena_KnownGood_Data.product_attribute_inlet_x_outlet,Jinasena_KnownGood_Data.product_attribute_value_3_x_3,1
productemplaattribline_id_380,1,10,Jinasena_KnownGood_Data.product_attribute_inlet_x_outlet,Jinasena_KnownGood_Data.product_attribute_value_4_x_3,1
productemplaattribline_id_381,1,10,Jinasena_KnownGood_Data.product_attribute_inlet_x_outlet,Jinasena_KnownGood_Data.product_attribute_value_4_x_3,1
productemplaattribline_id_385,1,10,Jinasena_KnownGood_Data.product_attribute_inlet_x_outlet,Jinasena_KnownGood_Data.product_attribute_value_2_x_2,1
productemplaattribline_id_388,1,10,Jinasena_KnownGood_Data.product_attribute_inlet_x_outlet,Jinasena_KnownGood_Data.product_attribute_value_2_x_2,1
productemplaattribline_id_391,1,10,Jinasena_KnownGood_Data.product_attribute_inlet_x_outlet,Jinasena_KnownGood_Data.product_attribute_value_2_x_2,1
productemplaattribline_id_394,1,10,Jinasena_KnownGood_Data.product_attribute_inlet_x_outlet,Jinasena_KnownGood_Data.product_attribute_value_2_x_2,1
productemplaattribline_id_398,1,10,Jinasena_KnownGood_Data.product_attribute_inlet_x_outlet,Jinasena_KnownGood_Data.product_attribute_value_2_x_2,1
productemplaattribline_id_403,1,10,Jinasena_KnownGood_Data.product_attribute_inlet_x_outlet,Jinasena_KnownGood_Data.product_attribute_value_2_x_2,1
productemplaattribline_id_407,1,10,Jinasena_KnownGood_Data.product_attribute_inlet_x_outlet,Jinasena_KnownGood_Data.product_attribute_value_2_x_2,1
productemplaattribline_id_415,1,10,Jinasena_KnownGood_Data.product_attribute_inlet_x_outlet,Jinasena_KnownGood_Data.product_attribute_value_2_x_2,1
productemplaattribline_id_419,1,10,Jinasena_KnownGood_Data.product_attribute_inlet_x_outlet,Jinasena_KnownGood_Data.product_attribute_value_2_x_2,1
productemplaattribline_id_423,1,10,Jinasena_KnownGood_Data.product_attribute_inlet_x_outlet,Jinasena_KnownGood_Data.product_attribute_value_2_x_2,1
productemplaattribline_id_431,1,10,Jinasena_KnownGood_Data.product_attribute_inlet_x_outlet,Jinasena_KnownGood_Data.product_attribute_value_2_x_2,1
productemplaattribline_id_435,1,10,Jinasena_KnownGood_Data.product_attribute_inlet_x_outlet,Jinasena_KnownGood_Data.product_attribute_value_2_x_2,1
productemplaattribline_id_439,1,10,Jinasena_KnownGood_Data.product_attribute_inlet_x_outlet,Jinasena_KnownGood_Data.product_attribute_value_2_x_2,1
productemplaattribline_id_446,1,10,Jinasena_KnownGood_Data.product_attribute_inlet_x_outlet,Jinasena_KnownGood_Data.product_attribute_value_2_x_2,1
productemplaattribline_id_450,1,10,Jinasena_KnownGood_Data.product_attribute_inlet_x_outlet,Jinasena_KnownGood_Data.product_attribute_value_2_x_2,1
productemplaattribline_id_487,1,10,Jinasena_KnownGood_Data.product_attribute_inlet_x_outlet,Jinasena_KnownGood_Data.product_attribute_value_4_x_4,1
productemplaattribline_id_499,1,10,Jinasena_KnownGood_Data.product_attribute_inlet_x_outlet,Jinasena_KnownGood_Data.product_attribute_value_6_x_4,1
productemplaattribline_id_505,1,10,Jinasena_KnownGood_Data.product_attribute_inlet_x_outlet,Jinasena_KnownGood_Data.product_attribute_value_6_x_4,1
productemplaattribline_id_511,1,10,Jinasena_KnownGood_Data.product_attribute_inlet_x_outlet,Jinasena_KnownGood_Data.product_attribute_value_6_x_4,1
productemplaattribline_id_517,1,10,Jinasena_KnownGood_Data.product_attribute_inlet_x_outlet,Jinasena_KnownGood_Data.product_attribute_value_6_x_4,1
productemplaattribline_id_523,1,10,Jinasena_KnownGood_Data.product_attribute_inlet_x_outlet,Jinasena_KnownGood_Data.product_attribute_value_6_x_4,1
productemplaattribline_id_529,1,10,Jinasena_KnownGood_Data.product_attribute_inlet_x_outlet,Jinasena_KnownGood_Data.product_attribute_value_6_x_4,1
productemplaattribline_id_535,1,10,Jinasena_KnownGood_Data.product_attribute_inlet_x_outlet,Jinasena_KnownGood_Data.product_attribute_value_6_x_4,1
productemplaattribline_id_548,1,10,Jinasena_KnownGood_Data.product_attribute_inlet_x_outlet,Jinasena_KnownGood_Data.product_attribute_value_1_x_1,1
productemplaattribline_id_549,1,10,Jinasena_KnownGood_Data.product_attribute_inlet_x_outlet,Jinasena_KnownGood_Data.product_attribute_value_1_x_1,1
productemplaattribline_id_550,1,10,Jinasena_KnownGood_Data.product_attribute_inlet_x_outlet,Jinasena_KnownGood_Data.product_attribute_value_1_x_1,1
productemplaattribline_id_551,1,10,Jinasena_KnownGood_Data.product_attribute_inlet_x_outlet,Jinasena_KnownGood_Data.product_attribute_value_1_x_1,1
productemplaattribline_id_554,1,10,Jinasena_KnownGood_Data.product_attribute_inlet_x_outlet,Jinasena_KnownGood_Data.product_attribute_value_1_x_1,1
productemplaattribline_id_555,1,10,Jinasena_KnownGood_Data.product_attribute_inlet_x_outlet,Jinasena_KnownGood_Data.product_attribute_value_1_x_1,1
productemplaattribline_id_556,1,10,Jinasena_KnownGood_Data.product_attribute_inlet_x_outlet,Jinasena_KnownGood_Data.product_attribute_value_1_x_1,1
productemplaattribline_id_557,1,10,Jinasena_KnownGood_Data.product_attribute_inlet_x_outlet,Jinasena_KnownGood_Data.product_attribute_value_1_x_1,1
productemplaattribline_id_559,1,10,Jinasena_KnownGood_Data.product_attribute_inlet_x_outlet,Jinasena_KnownGood_Data.product_attribute_value_1_x_1,1
productemplaattribline_id_560,1,10,Jinasena_KnownGood_Data.product_attribute_inlet_x_outlet,Jinasena_KnownGood_Data.product_attribute_value_1_x_1,1
productemplaattribline_id_563,1,10,Jinasena_KnownGood_Data.product_attribute_inlet_x_outlet,Jinasena_KnownGood_Data.product_attribute_value_1_x_1,1
productemplaattribline_id_564,1,10,Jinasena_KnownGood_Data.product_attribute_inlet_x_outlet,Jinasena_KnownGood_Data.product_attribute_value_1_x_1,1
productemplaattribline_id_577,1,10,Jinasena_KnownGood_Data.product_attribute_inlet_x_outlet,Jinasena_KnownGood_Data.product_attribute_value_6_x_6,1
productemplaattribline_id_585,1,10,Jinasena_KnownGood_Data.product_attribute_inlet_x_outlet,Jinasena_KnownGood_Data.product_attribute_value_6_x_6,1
productemplaattribline_id_592,1,10,Jinasena_KnownGood_Data.product_attribute_inlet_x_outlet,Jinasena_KnownGood_Data.product_attribute_value_6_x_6,1
productemplaattribline_id_599,1,10,Jinasena_KnownGood_Data.product_attribute_inlet_x_outlet,Jinasena_KnownGood_Data.product_attribute_value_6_x_6,1
productemplaattribline_id_613,1,10,Jinasena_KnownGood_Data.product_attribute_inlet_x_outlet,Jinasena_KnownGood_Data.product_attribute_value_6_x_6,1
productemplaattribline_id_619,1,10,Jinasena_KnownGood_Data.product_attribute_inlet_x_outlet,Jinasena_KnownGood_Data.product_attribute_value_6_x_6,1
productemplaattribline_id_625,1,10,Jinasena_KnownGood_Data.product_attribute_inlet_x_outlet,Jinasena_KnownGood_Data.product_attribute_value_3_x_3,1
productemplaattribline_id_642,1,10,Jinasena_KnownGood_Data.product_attribute_inlet_x_outlet,Jinasena_KnownGood_Data.product_attribute_value_4_x_3,1
productemplaattribline_id_650,1,10,Jinasena_KnownGood_Data.product_attribute_inlet_x_outlet,Jinasena_KnownGood_Data.product_attribute_value_4_x_3,1
productemplaattribline_id_716,1,10,Jinasena_KnownGood_Data.product_attribute_inlet_x_outlet,Jinasena_KnownGood_Data.product_attribute_value_3_x_2_1_2,1
productemplaattribline_id_723,1,10,Jinasena_KnownGood_Data.product_attribute_inlet_x_outlet,Jinasena_KnownGood_Data.product_attribute_value_3_x_2_1_2,1
productemplaattribline_id_730,1,10,Jinasena_KnownGood_Data.product_attribute_inlet_x_outlet,Jinasena_KnownGood_Data.product_attribute_value_3_x_2_1_2,1
productemplaattribline_id_738,1,10,Jinasena_KnownGood_Data.product_attribute_inlet_x_outlet,Jinasena_KnownGood_Data.product_attribute_value_3_x_2_1_2,1
productemplaattribline_id_744,1,10,Jinasena_KnownGood_Data.product_attribute_inlet_x_outlet,Jinasena_KnownGood_Data.product_attribute_value_1_1_2_x_1_1_4,1
productemplaattribline_id_923,1,10,Jinasena_KnownGood_Data.product_attribute_inlet_x_outlet,Jinasena_KnownGood_Data.product_attribute_value_1_x_1,1
productemplaattribline_id_929,1,10,Jinasena_KnownGood_Data.product_attribute_inlet_x_outlet,Jinasena_KnownGood_Data.product_attribute_value_1_x_1,1
productemplaattribline_id_934,1,10,Jinasena_KnownGood_Data.product_attribute_inlet_x_outlet,Jinasena_KnownGood_Data.product_attribute_value_1_x_1,1
productemplaattribline_id_939,1,10,Jinasena_KnownGood_Data.product_attribute_inlet_x_outlet,Jinasena_KnownGood_Data.product_attribute_value_1_x_1,1
productemplaattribline_id_914,1,11,Jinasena_KnownGood_Data.product_attribute_application,Jinasena_KnownGood_Data.product_attribute_value_high_pressure,1
productemplaattribline_id_760,1,11,Jinasena_KnownGood_Data.product_attribute_warranty,Jinasena_KnownGood_Data.product_attribute_value_5_year_warranty_1_year_parts_and_labour_,1
productemplaattribline_id_761,1,11,Jinasena_KnownGood_Data.product_attribute_warranty,Jinasena_KnownGood_Data.product_attribute_value_5_year_warranty_1_year_parts_and_labour_,1
productemplaattribline_id_764,1,11,Jinasena_KnownGood_Data.product_attribute_warranty,Jinasena_KnownGood_Data.product_attribute_value_5_year_warranty_1_year_parts_and_labour_,1
productemplaattribline_id_766,1,11,Jinasena_KnownGood_Data.product_attribute_warranty,Jinasena_KnownGood_Data.product_attribute_value_5_year_warranty_1_year_parts_and_labour_,1
productemplaattribline_id_768,1,11,Jinasena_KnownGood_Data.product_attribute_warranty,Jinasena_KnownGood_Data.product_attribute_value_5_year_warranty_1_year_parts_and_labour_,1
productemplaattribline_id_770,1,11,Jinasena_KnownGood_Data.product_attribute_warranty,Jinasena_KnownGood_Data.product_attribute_value_5_year_warranty_1_year_parts_and_labour_,1
productemplaattribline_id_772,1,11,Jinasena_KnownGood_Data.product_attribute_warranty,Jinasena_KnownGood_Data.product_attribute_value_5_year_warranty_1_year_parts_and_labour_,1
productemplaattribline_id_774,1,11,Jinasena_KnownGood_Data.product_attribute_warranty,Jinasena_KnownGood_Data.product_attribute_value_5_year_warranty_1_year_parts_and_labour_,1
productemplaattribline_id_776,1,11,Jinasena_KnownGood_Data.product_attribute_warranty,Jinasena_KnownGood_Data.product_attribute_value_5_year_warranty_1_year_parts_and_labour_,1
productemplaattribline_id_778,1,11,Jinasena_KnownGood_Data.product_attribute_warranty,Jinasena_KnownGood_Data.product_attribute_value_5_year_warranty_1_year_parts_and_labour_,1
productemplaattribline_id_780,1,11,Jinasena_KnownGood_Data.product_attribute_warranty,Jinasena_KnownGood_Data.product_attribute_value_5_year_warranty_1_year_parts_and_labour_,1
productemplaattribline_id_784,1,11,Jinasena_KnownGood_Data.product_attribute_warranty,Jinasena_KnownGood_Data.product_attribute_value_5_year_warranty_1_year_parts_and_labour_,1
productemplaattribline_id_787,1,11,Jinasena_KnownGood_Data.product_attribute_warranty,Jinasena_KnownGood_Data.product_attribute_value_5_year_warranty_1_year_parts_and_labour_,1
productemplaattribline_id_789,1,11,Jinasena_KnownGood_Data.product_attribute_warranty,Jinasena_KnownGood_Data.product_attribute_value_5_year_warranty_1_year_parts_and_labour_,1
productemplaattribline_id_791,1,11,Jinasena_KnownGood_Data.product_attribute_warranty,Jinasena_KnownGood_Data.product_attribute_value_5_year_warranty_1_year_parts_and_labour_,1
productemplaattribline_id_793,1,11,Jinasena_KnownGood_Data.product_attribute_warranty,Jinasena_KnownGood_Data.product_attribute_value_5_year_warranty_1_year_parts_and_labour_,1
productemplaattribline_id_795,1,11,Jinasena_KnownGood_Data.product_attribute_warranty,Jinasena_KnownGood_Data.product_attribute_value_5_year_warranty_1_year_parts_and_labour_,1
productemplaattribline_id_797,1,11,Jinasena_KnownGood_Data.product_attribute_warranty,Jinasena_KnownGood_Data.product_attribute_value_5_year_warranty_1_year_parts_and_labour_,1
productemplaattribline_id_799,1,11,Jinasena_KnownGood_Data.product_attribute_warranty,Jinasena_KnownGood_Data.product_attribute_value_5_year_warranty_1_year_parts_and_labour_,1
productemplaattribline_id_801,1,11,Jinasena_KnownGood_Data.product_attribute_warranty,Jinasena_KnownGood_Data.product_attribute_value_5_year_warranty_1_year_parts_and_labour_,1
productemplaattribline_id_805,1,11,Jinasena_KnownGood_Data.product_attribute_warranty,Jinasena_KnownGood_Data.product_attribute_value_5_year_warranty_1_year_parts_and_labour_,1
productemplaattribline_id_807,1,11,Jinasena_KnownGood_Data.product_attribute_warranty,Jinasena_KnownGood_Data.product_attribute_value_5_year_warranty_1_year_parts_and_labour_,1
productemplaattribline_id_809,1,11,Jinasena_KnownGood_Data.product_attribute_warranty,Jinasena_KnownGood_Data.product_attribute_value_5_year_warranty_1_year_parts_and_labour_,1
productemplaattribline_id_811,1,11,Jinasena_KnownGood_Data.product_attribute_warranty,Jinasena_KnownGood_Data.product_attribute_value_5_year_warranty_1_year_parts_and_labour_,1
productemplaattribline_id_813,1,11,Jinasena_KnownGood_Data.product_attribute_warranty,Jinasena_KnownGood_Data.product_attribute_value_5_year_warranty_1_year_parts_and_labour_,1
productemplaattribline_id_815,1,11,Jinasena_KnownGood_Data.product_attribute_warranty,Jinasena_KnownGood_Data.product_attribute_value_5_year_warranty_1_year_parts_and_labour_,1
productemplaattribline_id_817,1,11,Jinasena_KnownGood_Data.product_attribute_warranty,Jinasena_KnownGood_Data.product_attribute_value_5_year_warranty_1_year_parts_and_labour_,1
productemplaattribline_id_819,1,11,Jinasena_KnownGood_Data.product_attribute_warranty,Jinasena_KnownGood_Data.product_attribute_value_5_year_warranty_1_year_parts_and_labour_,1
productemplaattribline_id_821,1,11,Jinasena_KnownGood_Data.product_attribute_warranty,Jinasena_KnownGood_Data.product_attribute_value_5_year_warranty_1_year_parts_and_labour_,1
productemplaattribline_id_823,1,11,Jinasena_KnownGood_Data.product_attribute_warranty,Jinasena_KnownGood_Data.product_attribute_value_5_year_warranty_1_year_parts_and_labour_,1
productemplaattribline_id_825,1,11,Jinasena_KnownGood_Data.product_attribute_warranty,Jinasena_KnownGood_Data.product_attribute_value_5_year_warranty_1_year_parts_and_labour_,1
productemplaattribline_id_827,1,11,Jinasena_KnownGood_Data.product_attribute_warranty,Jinasena_KnownGood_Data.product_attribute_value_5_year_warranty_1_year_parts_and_labour_,1
productemplaattribline_id_829,1,11,Jinasena_KnownGood_Data.product_attribute_warranty,Jinasena_KnownGood_Data.product_attribute_value_5_year_warranty_1_year_parts_and_labour_,1
productemplaattribline_id_831,1,11,Jinasena_KnownGood_Data.product_attribute_warranty,Jinasena_KnownGood_Data.product_attribute_value_5_year_warranty_1_year_parts_and_labour_,1
productemplaattribline_id_833,1,11,Jinasena_KnownGood_Data.product_attribute_warranty,Jinasena_KnownGood_Data.product_attribute_value_5_year_warranty_1_year_parts_and_labour_,1
productemplaattribline_id_835,1,11,Jinasena_KnownGood_Data.product_attribute_warranty,Jinasena_KnownGood_Data.product_attribute_value_5_year_warranty_1_year_parts_and_labour_,1
productemplaattribline_id_837,1,11,Jinasena_KnownGood_Data.product_attribute_warranty,Jinasena_KnownGood_Data.product_attribute_value_5_year_warranty_1_year_parts_and_labour_,1
productemplaattribline_id_839,1,11,Jinasena_KnownGood_Data.product_attribute_warranty,Jinasena_KnownGood_Data.product_attribute_value_5_year_warranty_1_year_parts_and_labour_,1
productemplaattribline_id_841,1,11,Jinasena_KnownGood_Data.product_attribute_warranty,Jinasena_KnownGood_Data.product_attribute_value_5_year_warranty_1_year_parts_and_labour_,1
productemplaattribline_id_843,1,11,Jinasena_KnownGood_Data.product_attribute_warranty,Jinasena_KnownGood_Data.product_attribute_value_5_year_warranty_1_year_parts_and_labour_,1
productemplaattribline_id_845,1,11,Jinasena_KnownGood_Data.product_attribute_warranty,Jinasena_KnownGood_Data.product_attribute_value_5_year_warranty_1_year_parts_and_labour_,1
productemplaattribline_id_847,1,11,Jinasena_KnownGood_Data.product_attribute_warranty,Jinasena_KnownGood_Data.product_attribute_value_5_year_warranty_1_year_parts_and_labour_,1
productemplaattribline_id_849,1,11,Jinasena_KnownGood_Data.product_attribute_warranty,Jinasena_KnownGood_Data.product_attribute_value_5_year_warranty_1_year_parts_and_labour_,1
productemplaattribline_id_851,1,11,Jinasena_KnownGood_Data.product_attribute_warranty,Jinasena_KnownGood_Data.product_attribute_value_5_year_warranty_1_year_parts_and_labour_,1
productemplaattribline_id_853,1,11,Jinasena_KnownGood_Data.product_attribute_warranty,Jinasena_KnownGood_Data.product_attribute_value_5_year_warranty_1_year_parts_and_labour_,1
productemplaattribline_id_855,1,11,Jinasena_KnownGood_Data.product_attribute_warranty,Jinasena_KnownGood_Data.product_attribute_value_5_year_warranty_1_year_parts_and_labour_,1
productemplaattribline_id_857,1,11,Jinasena_KnownGood_Data.product_attribute_warranty,Jinasena_KnownGood_Data.product_attribute_value_5_year_warranty_1_year_parts_and_labour_,1
productemplaattribline_id_859,1,11,Jinasena_KnownGood_Data.product_attribute_warranty,Jinasena_KnownGood_Data.product_attribute_value_5_year_warranty_1_year_parts_and_labour_,1
productemplaattribline_id_861,1,11,Jinasena_KnownGood_Data.product_attribute_warranty,Jinasena_KnownGood_Data.product_attribute_value_5_year_warranty_1_year_parts_and_labour_,1
productemplaattribline_id_863,1,11,Jinasena_KnownGood_Data.product_attribute_warranty,Jinasena_KnownGood_Data.product_attribute_value_5_year_warranty_1_year_parts_and_labour_,1
productemplaattribline_id_865,1,11,Jinasena_KnownGood_Data.product_attribute_warranty,Jinasena_KnownGood_Data.product_attribute_value_5_year_warranty_1_year_parts_and_labour_,1
productemplaattribline_id_867,1,11,Jinasena_KnownGood_Data.product_attribute_warranty,Jinasena_KnownGood_Data.product_attribute_value_5_year_warranty_1_year_parts_and_labour_,1
productemplaattribline_id_869,1,11,Jinasena_KnownGood_Data.product_attribute_warranty,Jinasena_KnownGood_Data.product_attribute_value_5_year_warranty_1_year_parts_and_labour_,1
productemplaattribline_id_871,1,11,Jinasena_KnownGood_Data.product_attribute_warranty,Jinasena_KnownGood_Data.product_attribute_value_5_year_warranty_1_year_parts_and_labour_,1
productemplaattribline_id_873,1,11,Jinasena_KnownGood_Data.product_attribute_warranty,Jinasena_KnownGood_Data.product_attribute_value_5_year_warranty_1_year_parts_and_labour_,1
productemplaattribline_id_875,1,11,Jinasena_KnownGood_Data.product_attribute_warranty,Jinasena_KnownGood_Data.product_attribute_value_5_year_warranty_1_year_parts_and_labour_,1
productemplaattribline_id_877,1,11,Jinasena_KnownGood_Data.product_attribute_warranty,Jinasena_KnownGood_Data.product_attribute_value_5_year_warranty_1_year_parts_and_labour_,1
productemplaattribline_id_879,1,11,Jinasena_KnownGood_Data.product_attribute_warranty,Jinasena_KnownGood_Data.product_attribute_value_5_year_warranty_1_year_parts_and_labour_,1
productemplaattribline_id_881,1,11,Jinasena_KnownGood_Data.product_attribute_warranty,Jinasena_KnownGood_Data.product_attribute_value_5_year_warranty_1_year_parts_and_labour_,1
productemplaattribline_id_888,1,11,Jinasena_KnownGood_Data.product_attribute_warranty,Jinasena_KnownGood_Data.product_attribute_value_5_year_warranty_1_year_parts_and_labour_,1
productemplaattribline_id_890,1,11,Jinasena_KnownGood_Data.product_attribute_warranty,Jinasena_KnownGood_Data.product_attribute_value_5_year_warranty_1_year_parts_and_labour_,1
productemplaattribline_id_924,1,11,Jinasena_KnownGood_Data.product_attribute_warranty,Jinasena_KnownGood_Data.product_attribute_value_5_year_warranty_1_year_parts_and_labour_,1
productemplaattribline_id_930,1,11,Jinasena_KnownGood_Data.product_attribute_warranty,Jinasena_KnownGood_Data.product_attribute_value_5_year_warranty_1_year_parts_and_labour_,1
productemplaattribline_id_935,1,11,Jinasena_KnownGood_Data.product_attribute_warranty,Jinasena_KnownGood_Data.product_attribute_value_5_year_warranty_1_year_parts_and_labour_,1
productemplaattribline_id_940,1,11,Jinasena_KnownGood_Data.product_attribute_warranty,Jinasena_KnownGood_Data.product_attribute_value_5_year_warranty_1_year_parts_and_labour_,1
productemplaattribline_id_915,1,12,Jinasena_KnownGood_Data.product_attribute_application,Jinasena_KnownGood_Data.product_attribute_value_general_water_supply,1
productemplaattribline_id_763,1,12,Jinasena_KnownGood_Data.product_attribute_for_life,Jinasena_KnownGood_Data.product_attribute_value_original_manufacturer_service_fully_cove,1
productemplaattribline_id_765,1,12,Jinasena_KnownGood_Data.product_attribute_for_life,Jinasena_KnownGood_Data.product_attribute_value_original_manufacturer_service_fully_cove,1
productemplaattribline_id_767,1,12,Jinasena_KnownGood_Data.product_attribute_for_life,Jinasena_KnownGood_Data.product_attribute_value_original_manufacturer_service_fully_cove,1
productemplaattribline_id_769,1,12,Jinasena_KnownGood_Data.product_attribute_for_life,Jinasena_KnownGood_Data.product_attribute_value_original_manufacturer_service_fully_cove,1
productemplaattribline_id_771,1,12,Jinasena_KnownGood_Data.product_attribute_for_life,Jinasena_KnownGood_Data.product_attribute_value_original_manufacturer_service_fully_cove,1
productemplaattribline_id_773,1,12,Jinasena_KnownGood_Data.product_attribute_for_life,Jinasena_KnownGood_Data.product_attribute_value_original_manufacturer_service_fully_cove,1
productemplaattribline_id_775,1,12,Jinasena_KnownGood_Data.product_attribute_for_life,Jinasena_KnownGood_Data.product_attribute_value_original_manufacturer_service_fully_cove,1
productemplaattribline_id_777,1,12,Jinasena_KnownGood_Data.product_attribute_for_life,Jinasena_KnownGood_Data.product_attribute_value_original_manufacturer_service_fully_cove,1
productemplaattribline_id_779,1,12,Jinasena_KnownGood_Data.product_attribute_for_life,Jinasena_KnownGood_Data.product_attribute_value_original_manufacturer_service_fully_cove,1
productemplaattribline_id_781,1,12,Jinasena_KnownGood_Data.product_attribute_for_life,Jinasena_KnownGood_Data.product_attribute_value_original_manufacturer_service_fully_cove,1
productemplaattribline_id_785,1,12,Jinasena_KnownGood_Data.product_attribute_for_life,Jinasena_KnownGood_Data.product_attribute_value_original_manufacturer_service_fully_cove,1
productemplaattribline_id_786,1,12,Jinasena_KnownGood_Data.product_attribute_for_life,Jinasena_KnownGood_Data.product_attribute_value_original_manufacturer_service_fully_cove,1
productemplaattribline_id_788,1,12,Jinasena_KnownGood_Data.product_attribute_for_life,Jinasena_KnownGood_Data.product_attribute_value_original_manufacturer_service_fully_cove,1
productemplaattribline_id_790,1,12,Jinasena_KnownGood_Data.product_attribute_for_life,Jinasena_KnownGood_Data.product_attribute_value_original_manufacturer_service_fully_cove,1
productemplaattribline_id_792,1,12,Jinasena_KnownGood_Data.product_attribute_for_life,Jinasena_KnownGood_Data.product_attribute_value_original_manufacturer_service_fully_cove,1
productemplaattribline_id_794,1,12,Jinasena_KnownGood_Data.product_attribute_for_life,Jinasena_KnownGood_Data.product_attribute_value_original_manufacturer_service_fully_cove,1
productemplaattribline_id_796,1,12,Jinasena_KnownGood_Data.product_attribute_for_life,Jinasena_KnownGood_Data.product_attribute_value_original_manufacturer_service_fully_cove,1
productemplaattribline_id_798,1,12,Jinasena_KnownGood_Data.product_attribute_for_life,Jinasena_KnownGood_Data.product_attribute_value_original_manufacturer_service_fully_cove,1
productemplaattribline_id_800,1,12,Jinasena_KnownGood_Data.product_attribute_for_life,Jinasena_KnownGood_Data.product_attribute_value_original_manufacturer_service_fully_cove,1
productemplaattribline_id_802,1,12,Jinasena_KnownGood_Data.product_attribute_for_life,Jinasena_KnownGood_Data.product_attribute_value_original_manufacturer_service_fully_cove,1
productemplaattribline_id_806,1,12,Jinasena_KnownGood_Data.product_attribute_for_life,Jinasena_KnownGood_Data.product_attribute_value_original_manufacturer_service_fully_cove,1
productemplaattribline_id_808,1,12,Jinasena_KnownGood_Data.product_attribute_for_life,Jinasena_KnownGood_Data.product_attribute_value_original_manufacturer_service_fully_cove,1
productemplaattribline_id_810,1,12,Jinasena_KnownGood_Data.product_attribute_for_life,Jinasena_KnownGood_Data.product_attribute_value_original_manufacturer_service_fully_cove,1
productemplaattribline_id_812,1,12,Jinasena_KnownGood_Data.product_attribute_for_life,Jinasena_KnownGood_Data.product_attribute_value_original_manufacturer_service_fully_cove,1
productemplaattribline_id_814,1,12,Jinasena_KnownGood_Data.product_attribute_for_life,Jinasena_KnownGood_Data.product_attribute_value_original_manufacturer_service_fully_cove,1
productemplaattribline_id_816,1,12,Jinasena_KnownGood_Data.product_attribute_for_life,Jinasena_KnownGood_Data.product_attribute_value_original_manufacturer_service_fully_cove,1
productemplaattribline_id_818,1,12,Jinasena_KnownGood_Data.product_attribute_for_life,Jinasena_KnownGood_Data.product_attribute_value_original_manufacturer_service_fully_cove,1
productemplaattribline_id_820,1,12,Jinasena_KnownGood_Data.product_attribute_for_life,Jinasena_KnownGood_Data.product_attribute_value_original_manufacturer_service_fully_cove,1
productemplaattribline_id_822,1,12,Jinasena_KnownGood_Data.product_attribute_for_life,Jinasena_KnownGood_Data.product_attribute_value_original_manufacturer_service_fully_cove,1
productemplaattribline_id_824,1,12,Jinasena_KnownGood_Data.product_attribute_for_life,Jinasena_KnownGood_Data.product_attribute_value_original_manufacturer_service_fully_cove,1
productemplaattribline_id_826,1,12,Jinasena_KnownGood_Data.product_attribute_for_life,Jinasena_KnownGood_Data.product_attribute_value_original_manufacturer_service_fully_cove,1
productemplaattribline_id_828,1,12,Jinasena_KnownGood_Data.product_attribute_for_life,Jinasena_KnownGood_Data.product_attribute_value_original_manufacturer_service_fully_cove,1
productemplaattribline_id_830,1,12,Jinasena_KnownGood_Data.product_attribute_for_life,Jinasena_KnownGood_Data.product_attribute_value_original_manufacturer_service_fully_cove,1
productemplaattribline_id_832,1,12,Jinasena_KnownGood_Data.product_attribute_for_life,Jinasena_KnownGood_Data.product_attribute_value_original_manufacturer_service_fully_cove,1
productemplaattribline_id_834,1,12,Jinasena_KnownGood_Data.product_attribute_for_life,Jinasena_KnownGood_Data.product_attribute_value_original_manufacturer_service_fully_cove,1
productemplaattribline_id_836,1,12,Jinasena_KnownGood_Data.product_attribute_for_life,Jinasena_KnownGood_Data.product_attribute_value_original_manufacturer_service_fully_cove,1
productemplaattribline_id_838,1,12,Jinasena_KnownGood_Data.product_attribute_for_life,Jinasena_KnownGood_Data.product_attribute_value_original_manufacturer_service_fully_cove,1
productemplaattribline_id_840,1,12,Jinasena_KnownGood_Data.product_attribute_for_life,Jinasena_KnownGood_Data.product_attribute_value_original_manufacturer_service_fully_cove,1
productemplaattribline_id_842,1,12,Jinasena_KnownGood_Data.product_attribute_for_life,Jinasena_KnownGood_Data.product_attribute_value_original_manufacturer_service_fully_cove,1
productemplaattribline_id_844,1,12,Jinasena_KnownGood_Data.product_attribute_for_life,Jinasena_KnownGood_Data.product_attribute_value_original_manufacturer_service_fully_cove,1
productemplaattribline_id_846,1,12,Jinasena_KnownGood_Data.product_attribute_for_life,Jinasena_KnownGood_Data.product_attribute_value_original_manufacturer_service_fully_cove,1
productemplaattribline_id_848,1,12,Jinasena_KnownGood_Data.product_attribute_for_life,Jinasena_KnownGood_Data.product_attribute_value_original_manufacturer_service_fully_cove,1
productemplaattribline_id_850,1,12,Jinasena_KnownGood_Data.product_attribute_for_life,Jinasena_KnownGood_Data.product_attribute_value_original_manufacturer_service_fully_cove,1
productemplaattribline_id_852,1,12,Jinasena_KnownGood_Data.product_attribute_for_life,Jinasena_KnownGood_Data.product_attribute_value_original_manufacturer_service_fully_cove,1
productemplaattribline_id_854,1,12,Jinasena_KnownGood_Data.product_attribute_for_life,Jinasena_KnownGood_Data.product_attribute_value_original_manufacturer_service_fully_cove,1
productemplaattribline_id_856,1,12,Jinasena_KnownGood_Data.product_attribute_for_life,Jinasena_KnownGood_Data.product_attribute_value_original_manufacturer_service_fully_cove,1
productemplaattribline_id_858,1,12,Jinasena_KnownGood_Data.product_attribute_for_life,Jinasena_KnownGood_Data.product_attribute_value_original_manufacturer_service_fully_cove,1
productemplaattribline_id_860,1,12,Jinasena_KnownGood_Data.product_attribute_for_life,Jinasena_KnownGood_Data.product_attribute_value_original_manufacturer_service_fully_cove,1
productemplaattribline_id_862,1,12,Jinasena_KnownGood_Data.product_attribute_for_life,Jinasena_KnownGood_Data.product_attribute_value_original_manufacturer_service_fully_cove,1
productemplaattribline_id_864,1,12,Jinasena_KnownGood_Data.product_attribute_for_life,Jinasena_KnownGood_Data.product_attribute_value_original_manufacturer_service_fully_cove,1
productemplaattribline_id_866,1,12,Jinasena_KnownGood_Data.product_attribute_for_life,Jinasena_KnownGood_Data.product_attribute_value_original_manufacturer_service_fully_cove,1
productemplaattribline_id_868,1,12,Jinasena_KnownGood_Data.product_attribute_for_life,Jinasena_KnownGood_Data.product_attribute_value_original_manufacturer_service_fully_cove,1
productemplaattribline_id_870,1,12,Jinasena_KnownGood_Data.product_attribute_for_life,Jinasena_KnownGood_Data.product_attribute_value_original_manufacturer_service_fully_cove,1
productemplaattribline_id_872,1,12,Jinasena_KnownGood_Data.product_attribute_for_life,Jinasena_KnownGood_Data.product_attribute_value_original_manufacturer_service_fully_cove,1
productemplaattribline_id_874,1,12,Jinasena_KnownGood_Data.product_attribute_for_life,Jinasena_KnownGood_Data.product_attribute_value_original_manufacturer_service_fully_cove,1
productemplaattribline_id_876,1,12,Jinasena_KnownGood_Data.product_attribute_for_life,Jinasena_KnownGood_Data.product_attribute_value_original_manufacturer_service_fully_cove,1
productemplaattribline_id_878,1,12,Jinasena_KnownGood_Data.product_attribute_for_life,Jinasena_KnownGood_Data.product_attribute_value_original_manufacturer_service_fully_cove,1
productemplaattribline_id_880,1,12,Jinasena_KnownGood_Data.product_attribute_for_life,Jinasena_KnownGood_Data.product_attribute_value_original_manufacturer_service_fully_cove,1
productemplaattribline_id_882,1,12,Jinasena_KnownGood_Data.product_attribute_for_life,Jinasena_KnownGood_Data.product_attribute_value_original_manufacturer_service_fully_cove,1
productemplaattribline_id_889,1,12,Jinasena_KnownGood_Data.product_attribute_for_life,Jinasena_KnownGood_Data.product_attribute_value_original_manufacturer_service_fully_cove,1
productemplaattribline_id_891,1,12,Jinasena_KnownGood_Data.product_attribute_for_life,Jinasena_KnownGood_Data.product_attribute_value_original_manufacturer_service_fully_cove,1
productemplaattribline_id_925,1,12,Jinasena_KnownGood_Data.product_attribute_for_life,Jinasena_KnownGood_Data.product_attribute_value_original_manufacturer_service_fully_cove,1
productemplaattribline_id_931,1,12,Jinasena_KnownGood_Data.product_attribute_for_life,Jinasena_KnownGood_Data.product_attribute_value_original_manufacturer_service_fully_cove,1
productemplaattribline_id_936,1,12,Jinasena_KnownGood_Data.product_attribute_for_life,Jinasena_KnownGood_Data.product_attribute_value_original_manufacturer_service_fully_cove,1
productemplaattribline_id_941,1,12,Jinasena_KnownGood_Data.product_attribute_for_life,Jinasena_KnownGood_Data.product_attribute_value_original_manufacturer_service_fully_cove,1
productemplaattribline_id_916,1,13,Jinasena_KnownGood_Data.product_attribute_phase,Jinasena_KnownGood_Data.product_attribute_value_1_phase,1
productemplaattribline_id_917,1,14,Jinasena_KnownGood_Data.product_attribute_power,Jinasena_KnownGood_Data.product_attribute_value_1_hp,1
productemplaattribline_id_918,1,15,Jinasena_KnownGood_Data.product_attribute_warranty,Jinasena_KnownGood_Data.product_attribute_value_5_year_warranty_1_year_parts_and_labour_,1
productemplaattribline_id_919,1,16,Jinasena_KnownGood_Data.product_attribute_for_life,Jinasena_KnownGood_Data.product_attribute_value_original_manufacturer_service_fully_cove,1
