id,is_published,url,view_id/id,website_indexed,header_visible,footer_visible
website_page_id_34,1,/community,Jinasena_KnownGood_Data.ir_ui_view_community,1,1,1
website_page_id_31,1,/irrigation,Jinasena_KnownGood_Data.ir_ui_view_irrigation,1,1,1
website_page_id_28,1,/purification,Jinasena_KnownGood_Data.ir_ui_view_purification,1,1,1
website_page_id_29,1,/customized-pump-details,Jinasena_KnownGood_Data.ir_ui_view_customized_pump_details,1,1,1
website_page_id_32,1,/energysector,Jinasena_KnownGood_Data.ir_ui_view_energysector,1,1,1
website_page_id_14,1,/branches,Jinasena_KnownGood_Data.ir_ui_view_branches,1,1,1
website_page_id_11,1,/https/rohanabalagalla-jinstage-odoo-com/contactus-2,Jinasena_KnownGood_Data.ir_ui_view_general,1,1,1
website_page_id_26,,/test-1,Jinasena_KnownGood_Data.ir_ui_view_test_1,1,1,1
website_page_id_20,1,/customized-pump,Jinasena_KnownGood_Data.ir_ui_view_customized_pump,1,1,1
website_page_id_15,,/technician,Jinasena_KnownGood_Data.ir_ui_view_technician,1,1,1
website_page_id_19,1,/purification-details,Jinasena_KnownGood_Data.ir_ui_view_purification_details,1,1,1
website_page_id_18,1,/irrigation-details,Jinasena_KnownGood_Data.ir_ui_view_irrigation_details,1,1,1
website_page_id_13,1,/-1,website.aboutus,1,1,1
website_page_id_21,1,/energysector-details,Jinasena_KnownGood_Data.ir_ui_view_energysector_details,1,1,1
website_page_id_33,1,/it-solutions,Jinasena_KnownGood_Data.ir_ui_view_it_solutions,1,1,1
website_page_id_41,1,/careers,Jinasena_KnownGood_Data.ir_ui_view_careers,1,1,1
website_page_id_45,,/helpdesk,Jinasena_KnownGood_Data.ir_ui_view_helpdesk,1,1,1
website_page_id_35,,/purification-v01,Jinasena_KnownGood_Data.ir_ui_view_purification_v01,1,1,1
website_page_id_24,,/teams,Jinasena_KnownGood_Data.ir_ui_view_teams,1,1,1
website_page_id_16,1,/jobs,website_hr_recruitment.index,1,1,1
website_page_id_47,,/faq,BugFix-Studio-Misc.view_8241_qweb_faq,1,1,1
website_page_id_48,,/faq-1,BugFix-Studio-Misc.view_8241_qweb_faq,1,1,1
website_page_id_49,,/te,Jinasena_KnownGood_Data.ir_ui_view_te,1,1,1
website_page_id_17,1,/general,Jinasena_KnownGood_Data.ir_ui_view_general_5434,1,1,1
website_page_id_39,1,/https/rohanabalagalla-jinstage-jindbconfigure-13436509-dev-odoo-com/1,website.aboutus,1,1,1
website_page_id_22,1,/clients,Jinasena_KnownGood_Data.ir_ui_view_clients,1,1,1
website_page_id_23,1,/news,Jinasena_KnownGood_Data.ir_ui_view_news,1,1,1
